keyword_added,language,theme,date
武汉不明肺炎,simplified,fact,2019-12-31 03:00 GMT
武汉流行肺炎,simplified,fact,2019-12-31 03:00 GMT
武汉海鲜市场,simplified,fact,2019-12-31 03:00 GMT
武汉爆发肺炎,simplified,fact,2019-12-31 03:00 GMT
武汉非典,simplified,speculation,2019-12-31 03:00 GMT
活猴实验室,simplified,speculation,2019-12-31 05:00 GMT
p4病毒实验室,simplified,fact,2019-12-31 05:00 GMT
病毒感染,simplified,fact,2019-12-31 05:00 GMT
华南周边隔离,simplified,fact,2019-12-31 05:00 GMT
武漢驚傳疫情,traditional,speculation,2019-12-31 05:00 GMT
7宗感染病例,simplified,fact,2019-12-31 05:00 GMT
肺炎病人,simplified,fact,2019-12-31 05:00 GMT
sars事件重演,simplified,speculation,2019-12-31 05:00 GMT
武汉华南疫情,simplified,fact,2019-12-31 05:00 GMT
武漢sars,traditional,speculation,2019-12-31 05:00 GMT
疫情事件,simplified,fact,2019-12-31 05:00 GMT
沙士变异,simplified,speculation,2019-12-31 05:00 GMT
沙士爆发武汉,simplified,speculation,2019-12-31 05:00 GMT
爆發sars疫情,traditional,speculation,2019-12-31 05:00 GMT
武sars已确定,simplified,speculation,2019-12-31 05:00 GMT
疫情重演,simplified,speculation,2019-12-31 05:00 GMT
sars变异,simplified,speculation,2019-12-31 05:00 GMT
后湖急诊科隔离,simplified,fact,2019-12-31 05:00 GMT
海鲜市场sars,simplified,speculation,2019-12-31 05:00 GMT
爆发sars,simplified,speculation,2019-12-31 05:00 GMT
武汉埃博拉,simplified,speculation,2019-12-31 05:00 GMT
后湖院区隔离,simplified,fact,2019-12-31 05:00 GMT
惊传爆发非,simplified,speculation,2019-12-31 05:00 GMT
傳已有7例確診,traditional,speculation,2019-12-31 05:00 GMT
海鲜市场沙士,simplified,speculation,2019-12-31 05:00 GMT
肺炎救治情况,simplified,fact,2019-12-31 05:00 GMT
武汉爆发疫情,simplified,fact,2019-12-31 05:00 GMT
非典性肺炎,simplified,speculation,2019-12-31 05:00 GMT
sars系谣言,simplified,speculation,2019-12-31 05:00 GMT
感染性沙士,simplified,speculation,2019-12-31 05:00 GMT
确诊了7例,simplified,fact,2019-12-31 05:00 GMT
非典重临,simplified,speculation,2019-12-31 05:00 GMT
武爆发疫情,simplified,fact,2019-12-31 05:00 GMT
武汉卫生委员会,simplified,fact,2019-12-31 05:00 GMT
sars已确诊,simplified,speculation,2019-12-31 05:00 GMT
武汉封锁疫情,simplified,speculation,2019-12-31 05:00 GMT
爆发非典,simplified,speculation,2019-12-31 05:00 GMT
隱瞞sars疫情,traditional,speculation,2019-12-31 05:00 GMT
7例沙士,simplified,speculation,2019-12-31 05:00 GMT
不明沙士,simplified,speculation,2019-12-31 05:00 GMT
,,,
keyword_removed,,,
病毒感染,,,2020-02-10 05:00 GMT
肺炎病人,,,2020-02-10 05:00 GMT
拆迁补偿,,,2020-02-10 05:00 GMT
武汉流行肺炎,,,2020-02-10 05:00 GMT
綦江区,,,2020-02-10 05:00 GMT
疫情事件,,,2020-02-10 06:00 GMT
非典性肺炎,,,2020-02-10 08:00 GMT