Date Tested,Keyword,Translation,# of Components,Language
07/2016,退出中共,Quit CPC,1,simplified Chinese
07/2016,中革中央,Chinese (Proletariat) Revolution Central (Committee),1,simplified Chinese
07/2016,共产党下台,Down with CPC,1,simplified Chinese
07/2016,突破中共,Break Through CPC,1,simplified Chinese
07/2016,废除中共,Repeal CPC,1,simplified Chinese
07/2016,打倒中共,Down with CPC,1,simplified Chinese
07/2016,打倒共产党,Down with the Communist Party,1,simplified Chinese
07/2016,推翻中共,Overthrow CPC,1,simplified Chinese
07/2016,灭中共,Destory CPC,1,simplified Chinese
07/2016,胡温暴政,Hu (Jintao) Wen (Jiabao) Tyranny,1,simplified Chinese
07/2016,推翻中国共产党,Overthrow Chinese Communist Party,1,simplified Chinese
07/2016,活摘器官,Live Organ Harvesting ,1,simplified Chinese
07/2016,大法弟子,Dafa Deciple,1,simplified Chinese
07/2016,退党+大潮,Quit Party Wave,2,simplified Chinese
07/2016,揭露中共,Reveal CPC,1,simplified Chinese
07/2016,摆脱中共附体,Get Rid Of CPC Possession,1,simplified Chinese
07/2016,法lun功,Falun Gong,1,simplified Chinese
07/2016,法輪功,Falun Gong,1,traditional Chinese
07/2016,法輪大法,Falun Dafa,1,traditional Chinese
07/2016,退党+退团+退队,Quit (Communist) Party Quit (Youth) League Quit (Young Pioneers) Team,3,simplified Chinese
07/2016,九評共產黨,Nine Commentaries on the Communist Party,1,traditional Chinese
07/2016,退黨+大潮,Quit Party Wave,2,traditional Chinese
07/2016,邪党+九评,Evil Party Nine Commentaries,2,simplified Chinese
07/2016,9评共产党,Nine Commentaries on the Communist Party,1,simplified Chinese
07/2016,九评共产党,Nine Commentaries on the Communist Party,1,simplified Chinese
07/2016,法轮功,Falun Gong,1,simplified Chinese
07/2016,法轮大法,Falun Dafa,1,simplified Chinese
07/2016,零八宪章,Charter 08,1,simplified Chinese
07/2016,茉莉花革命,Jasmine Revolution,1,simplified Chinese
07/2016,08宪章,Charter 08,1,simplified Chinese
07/2016,大纪元,Epoch Times,1,simplified Chinese
07/2016,多维新闻,Duowei News,1,simplified Chinese
07/2016,大紀元,Epoch Times,1,traditional Chinese
07/2016,自由亚洲电台,Radio Free Asia,1,simplified Chinese
07/2016,习禁评,Used (to) Banning Comment,1,simplified Chinese
07/2016,习包子+习特勒,Steam Bun Xi Xi-tler,2,simplified Chinese
07/2016,周永康+自辩书,Zhou Yongkang Self-defense Letter,2,simplified Chinese
07/2016,我的最后陈述+薄熙来,My Last Statement Bo Xilai,2,simplified Chinese
07/2016,曾伟+曾庆红,Zeng Wei Zeng Qinghong,2,traditional Chinese
07/2016,江泽民+去世,Jiang Zemin Pass Away,2,simplified Chinese
07/2016,江泽民+死了,Jiang Zemin Died,2,simplified Chinese
07/2016,江主席+去世,President Jiang Pass Away,2,simplified Chinese
07/2016,江主席+死,Jiang Zemin Die,2,simplified Chinese
07/2016,江泽民其人,Jiang Zemin the Person,1,simplified Chinese
07/2016,江泽民病逝,Jiang Zemin Die Of Illness,1,simplified Chinese
07/2016,江蛤蟆,Jiang Toad,1,simplified Chinese
07/2016,習包子+習特勒,Xi Bun Xi-tler,2,traditional Chinese
07/2016,江澤民+死了,Jiang Zemin Died,2,traditional Chinese
07/2016,江澤民其人,Jiang Zemin the Person,1,traditional Chinese
07/2016,习近平阵营+江派,Xi Jinping Camp Jiang Clique,2,simplified Chinese
07/2016,十九大争夺战,19th Party Congress Power Fight,1,simplified Chinese
07/2016,彭麻麻+暗斗宋贵妃,Peng Mama Secretly Fight Song Imperial Concubine,2,simplified Chinese
07/2016,老江+气杀习大大,Old Jiang More Fierce Than Uncle Xi,2,simplified Chinese
07/2016,韩正+取代李克强,Han Zheng Took Over Li Keqiang,2,simplified Chinese
07/2016,周永康+薄熙来+政变,Zhou Yongkang Bo Xilai Coup,3,simplified Chinese
07/2016,江泽民+江家帮,Jiang Zemin Jiang Family Clique,2,simplified Chinese
07/2016,软禁+江泽民,House Arrest Jiang Zemin,2,simplified Chinese
07/2016,習近平陣營+江派,Xi Jinping Camp Jiang Clique,2,traditional Chinese
07/2016,彭麻麻+暗鬥宋貴妃,Peng Mama Secretly Fight Song Imperial Concubine,2,traditional Chinese
07/2016,老江+氣殺習大大,Old Jiang More Fierce Than Uncle Xi,2,traditional Chinese
07/2016,韓正+取代李克強,Han Zheng Took Over Li Keqiang,2,traditional Chinese
07/2016,軟禁+江澤民,House Arrest Jiang Zemin,2,traditional Chinese
07/2016,好莱坞艳照门种子,Hollywood Sex Photo Gate Torrent,1,simplified Chinese
07/2016,坚守科巴尼+叙利亚,Hold Fast Kobani Syria,2,simplified Chinese
07/2016,六四+中共+武力镇压,June 4 CCP violent crackdown,3,simplified Chinese
07/2016,六四平反,June 4 Vindication,1,simplified Chinese
07/2016,六四+赵紫阳+镇压,June 4 Zhao Ziyang Crackdown,3,simplified Chinese
07/2016,天安门六四,Tiananmen June 4,1,simplified Chinese
07/2016,六四天安门,June 4 Tiananmen,1,simplified Chinese
07/2016,纪念六四,Memorize June 4,1,simplified Chinese
07/2016,八九学潮,Eight Nine Student Strike,1,simplified Chinese
07/2016,八九六四,Eight Nine Six Four,1,simplified Chinese
07/2016,八九学运,Eight Nine Student Movement,1,simplified Chinese
07/2016,八九暴乱,Eight Nine Riot,1,simplified Chinese
07/2016,八九民运,Eight Nine Democrative Movement,1,simplified Chinese
07/2016,八九民運,Eight Nine Democrative Movement,1,traditional Chinese
07/2016,八九血案,Eight Nine Blood Case,1,simplified Chinese
07/2016,六四+公开信,June 4 Open Letter,2,simplified Chinese
07/2016,六四动乱,June 4 Riot,1,simplified Chinese
07/2016,六四大屠杀,June 4 Mass Murder,1,simplified Chinese
07/2016,六四戒严部队,June 4 Martial Law Army,1,simplified Chinese
07/2016,坦克+六四+屠杀,Tank June 4 Murder,3,simplified Chinese
07/2016,六四日记,June 4 Diary,1,simplified Chinese
07/2016,六四暴乱,June 4 Riot,1,simplified Chinese
07/2016,六四烛光集会,June 4 Candle Vigil,1,simplified Chinese
07/2016,六四血腥屠杀,June 4 Bloody Murder,1,simplified Chinese
07/2016,六四风波,June 4 Turmoil,1,simplified Chinese
07/2016,勿忘六四,Don't Forget June 4,1,simplified Chinese
07/2016,六四事件+邓小平,June 4 Incident Deng Xiaoping,2,simplified Chinese
07/2016,吾尔开希,Wu'er Kaixi,1,simplified Chinese
07/2016,捌玖陆肆,8964,1,simplified Chinese
07/2016,血腥清场内幕,Bloody Clearance Inside Story,1,simplified Chinese
07/2016,天安门坦克,Tiananmen Tank,1,simplified Chinese
07/2016,天安门屠杀,Tiananmen Murder,1,simplified Chinese
07/2016,天安门母亲,Tiananmen Mother,1,simplified Chinese
07/2016,天安门流血,Tiananmen Bleeding,1,simplified Chinese
07/2016,天安门自焚,Tiananmen Self-immolation ,1,simplified Chinese
07/2016,天安门风波,Tiananmen Turmoil,1,simplified Chinese
07/2016,六四+血腥+镇压,June 4 Bloody Crackdown,3,simplified Chinese
07/2016,毋忘六四,Don't Forget June 4,1,traditional Chinese
07/2016,绝食+声援学生+天安门广场,Hunger Strike Support Student Tiananmen Square,3,simplified Chinese
07/2016,天安门学潮,Tiananmen Student Srike,1,simplified Chinese
07/2016,记念六四,Memorize June 4,1,simplified Chinese
07/2016,赵紫阳+六四自辩,Zhao Ziyang June 4 Self-defense,2,simplified Chinese
07/2016,八酒六四,Homonym of 8964,1,simplified Chinese
07/2016,六四学潮,June 4 Student Strike,1,simplified Chinese
07/2016,89民运+邓小平+镇压,89 Democracy Movement Deng Xiaoping Crackdown,3,simplified Chinese
07/2016,中共+血腥镇压+专制,CCP Bloody Crackdown Dictatorship,3,simplified Chinese
07/2016,平反六四,Vindicate June 4,1,simplified Chinese
07/2016,六四+公開信,June 4 Open Letter,2,traditional Chinese
07/2016,六四+坦克+屠城,June 4 Tank Mass Murder,3,simplified Chinese
07/2016,六四日記,June 4 Diary,1,traditional Chinese
07/2016,六四+悼念+烛光晚会,June 4 Memory Candle Vigil,3,simplified Chinese
07/2016,六四纪念馆,June 4th Memorial,1,simplified Chinese
07/2016,六四+刘晓波,June 4 Liu Xiaobo,2,simplified Chinese
07/2016,天安门屠夫,Tiananmen Murderer,1,simplified Chinese
07/2016,镇压学生+戒严部队+天安门广场,Crackdown Student Martial Law Troup Tiananmen Square ,3,simplified Chinese
07/2016,六四+方励之,June 4 Fang Lizhi,2,simplified Chinese
07/2016,六四+屠杀+赵紫阳,June 4 Murder Zhao Ziyang,3,simplified Chinese
07/2016,六四+纪念+王丹,June 4 Memorize Wang Dan,3,simplified Chinese
07/2016,江绵恒+软禁,Jiang Mianheng House Arrest,2,simplified Chinese
07/2016,六四+中共+专制,June 4 CCP Dictatorship,3,simplified Chinese
07/2016,许家屯+六四,Xu Jiatun June 4,2,simplified Chinese
07/2016,六四镇压+中共,June 4 Crackdown CCP,2,simplified Chinese
07/2016,六四+赵紫阳+坦克,June 4 Zhao Ziyang Tank,3,simplified Chinese
07/2016,坦克+王维林+六四,Tank Wang Weilin June 4,3,simplified Chinese
07/2016,天安门+太子党+事件,Tiananmen Princling Event,3,simplified Chinese
07/2016,六四+学潮+民运,June 4 Student Strike Democracy Movement,3,simplified Chinese
07/2016,开枪+示威+1989年+天安门,Shoot Gun Demonstration Year 1989 Tiananmen,4,simplified Chinese
07/2016,动乱+学潮+1989风波,Riot Student Strike 1989 Turmoil,3,simplified Chinese
07/2016,真相+共产党+64屠杀,Truth Communist Party 64 Massacre,3,simplified Chinese
07/2016,六四+天安门广场,June 4 Tiananmen Square,2,simplified Chinese
07/2016,天安门虐杀,Tiananmen Torture and Murder,1,simplified Chinese
07/2016,六四纪念+维园,June 4 Memorial Victorial Park,2,simplified Chinese
07/2016,历史的伤口+8964,Wounds of History 8964,2,simplified Chinese
07/2016,六四+坦克人+学生,June 4 Tank Man Student,3,simplified Chinese
07/2016,天安门大屠杀,Tiananmen Massacre,1,simplified Chinese
07/2016,六四+赵紫阳+软禁,June 4 Zhao Ziyang House Arrest,3,simplified Chinese
07/2016,六四+血案+邓小平,June 4 Blood Case Deng Xiaoping,3,simplified Chinese
07/2016,李鹏+绝食的学生+天安门广场,Li Peng Student on Hunger Strike Tiananmen Square,3,simplified Chinese
07/2016,悼念+维园+六四,Memorial Victoria Park June 4,3,simplified Chinese
07/2016,六四+學生+民主運動,June 4 Student Democracy Movement,3,traditional Chinese
07/2016,六四大屠殺,June 4 Massacre,1,traditional Chinese
07/2016,六四事件+鄧小平,June 4 Event Deng Xiaoping,2,traditional Chinese
07/2016,六四+血腥+鎮壓,June 4 Bloody Crackdown,3,traditional Chinese
07/2016,六四紀念館,June 4 Museum,1,traditional Chinese
07/2016,六四+劉曉波,June 4 Liu Xiaobo,2,traditional Chinese
07/2016,鎮壓學生+戒嚴部隊+天安門廣場,Crackdown Student Martial Law Troup Tiananmen Square ,3,traditional Chinese
07/2016,六四+屠殺+趙紫陽,June 4 Murder Zhao Ziyang,3,traditional Chinese
07/2016,六四紀念+維園,June 4 Memorial Victoria Park,2,traditional Chinese
07/2016,天安门事件,Tiananmen Incident,1,simplified Chinese
07/2016,89年+北京戒严,89 Year Beijing Martial Law,2,simplified Chinese
07/2016,1989+屠杀+天安门广场,1989 Murder Tiananmen Square,3,simplified Chinese
07/2016,1989+民主运动,1989 Democarcy Movement,2,simplified Chinese
07/2016,六四学生领袖,June 4 Student Leader,1,simplified Chinese
07/2016,平反64,Vindicate June 4,1,simplified Chinese
07/2016,血腥+天安门,Bloody Tiananmen,2,simplified Chinese
07/2016,8964+屠杀+纪念,8964 Murder Memorial,3,simplified Chinese
07/2016,六四+镇压+学生,June 4 Crackdown Student,3,simplified Chinese
07/2016,天安门镇压,Tiananmen Crackdown,1,simplified Chinese
07/2016,89年+学潮+镇压,89 Year Student Strike Crackdown,3,simplified Chinese
07/2016,六四+学生+民主运动,June 4 Student Democracy Movement,3,simplified Chinese
07/2016,自由西藏,Free Tibet,1,simplified Chinese
07/2016,藏青会,Tibetan Youth Congress,1,simplified Chinese
07/2016,西藏独立,Tibet Independence (Movement),1,simplified Chinese
07/2016,雪山狮子旗,Snow Lion Flag,1,simplified Chinese
07/2016,自由亞洲電台,Radio Free Asia,1,traditional Chinese
07/2016,wisalstudio+com,wisalstudio com,2,English
07/2016,allah+yolida,For the sake of Allah/God,2,Uyghur 
07/2016,دىن+ئىسلام+يولۋاس,Faith/Religion is Islam,3,Uyghur
07/2016,ئىسلام+ئاۋازى,Voice of Islam,2,Uyghur
07/2016,ئاللاھ+يولىدا,For the sake of Allah/God,2,Uyghur
07/2016,جەننەت+ئاشىق,In love with/enthusiastic for Heaven/Jannah,2,Uyghur
07/2016,بولۇ+شەھىد,Become martyr,2,Uyghur
2016-08-30,15日实行+全市大罢工+灌云+连云港,15 day + carry out City-wide strike + Guanyun + Lianyungang,4,simplified Chinese
2016-09-06,通商宽衣,Facilitate Commerce and Loosen Clothing,1,simplified Chinese
2016-11-25,习核心,Xi Core,1,simplified Chinese
2016-12-01,台湾+声援+中国人权+律师,Taiwan + Voice Support + China Human Rights + Lawyer,4,simplified Chinese
2016-12-08,中共的压力+禁止长平+被迫流亡,Pressure from CCP + Ban Chang Ping + Forced Exile,3,simplified Chinese
2016-12-08,港媒披露+400亿元+内鬼就在会议室,Hong Kong Media Reported + 40 Million Yuan + Double Agent/mole meeting room,3,simplified Chinese
2016-12-07,联合早报网讯+特朗普+蔡英文通电话,United Morning Post/Lianhe Zaobao Report + Trump + Tsai Ing-wen Phone Call,3,simplified Chinese
2016-12-08,中国政府发起+挑衅行为+分离省份,The Chinese government launched + provocation + separation provinces,3,simplified Chinese
2016-12-08,特朗普此舉+激怒中國+背叛國家的省份,Trump this + angered China + betrayal of the country's provinces,3,traditional Chinese
2016-12-08,激怒中国政府+特朗普+外交争端,Angered the Chinese government + Trump + diplomatic disputes,3,simplified Chinese
2016-12-09,习近平逗逗闷子+中共当局+假选举,Xi Jinping funny boredom + the Chinese Communist Party + fake election,3,simplified Chinese
2016-12-09,中国流亡异见人士呼吁特朗普关注人权,Chinese exile dissidents call on Trump to focus on human rights,1,simplified Chinese
2016-12-09,习近平打交道+麻烦之一+危机更加失控,Xi Jinping deal + trouble + crisis more out of control,3,simplified Chinese
2016-12-12,下午7点+春熙路集合+正视雾霾根源,7 PM + Chunxi Road Gather + Face root causes of smog,3,simplified Chinese
2016-12-12,向中央示好+教育系统开始清理+自由派,Court Central (Govt) + Start clearning up education system + Liberal Camp,3,simplified Chinese
2016-12-12,港独+香港民族党召集人陈浩天,Hong Kong Independence + Hong Kong National Party Convenor Chan Ho-tin,2,simplified Chinese
2016-12-12,港獨+香港民族黨召集人陳浩天,Hong Kong Independence + Hong Kong National Party Convenor Chan Ho-tin,2,traditional Chinese
2016-12-12,占领中环+支持香港抗争,Occupy Central + Support HK Fight,2,simplified Chinese
2016-12-13,梁振英的命运+中共统治+它的红线,CY Leung's Fate + CCP's Rule + Its Bottom Line,3,simplified Chinese
2016-12-13,中国当局+罔顾家属意愿+中共专制政权,China authorities + Ignore Family's Will + CCP Authoritarian Regmie,3,simplified Chinese
2016-12-13,中國當局+罔顧家屬意願+中共專制政權,China authorities + Ignore Family's Will + CCP Authoritarian Regmie,3,traditional Chinese
2016-12-13,当局强拆+喝药自杀的悲剧+14户拆迁户,Force Demolition by Authorities + Tragedy of Taking Drugs to Commit Suicide + 14 Familiies Faced by Demolition,3,simplified Chinese
2016-12-13,當局強拆+喝藥自殺的悲劇+14戶拆遷戶,Force Demolition by Authorities + Tragedy of Taking Drugs to Commit Suicide + 14 Familiies Faced by Demolition,3,traditional Chinese
2016-12-13,声援+西藏精神领袖达赖喇嘛,Voice Support + Tibet's Spiritual Leader Dalai Lama,2,simplified Chinese
2016-12-13,聲援+西藏精神領袖達賴喇嘛,Voice Support + Tibet's Spiritual Leader Dalai Lama,2,traditional Chinese
2016-12-13,中共当局+流亡藏人+达赖喇嘛,CCP Authorities + Tibetans in Exile + Dalai Lama,3,simplified Chinese
2016-12-13,达赖喇嘛+万岁,Dalai Lama + Long Live,2,simplified Chinese
2016-12-13,民生观察网刘飞跃+中共,Civil Rights and Livelihood Watch Website Liu Feiyue + CCP,2,simplified Chinese
2016-12-13,严控信息+禁令的目的是阻止被当局认为有可能削弱共产党统治,Strictly Control Information + Goal of Directives Is To Block --- that might weaken CCP rule,2,simplified Chinese
2016-12-13,嚴控信息+禁令的目的是阻止被當局認爲有可能削弱共產黨統治,Strictly Control Information + Goal of Directives Is To Block --- that might weaken CCP rule,2,traditional Chinese
2016-12-14,使用威胁+党内调查+中共自己炮制,Use Threats + Intra-party Investigation + CCP Designs Itself,3,simplified Chinese
2016-12-14,分析文章+习近平的改革+腐败注资,Op-ed + Xi Jinping's Reform + Corruption Investment,3,simplified Chinese
2016-12-14,分析文章+習近平的改革+腐敗注資,Op-ed + Xi Jinping's Reform + Corruption Investment,3,traditional Chinese
2016-12-14,游蕙祯+今天统治着13亿+出卖中国人的血,Yau Wai-ching + Today Ruling 1.3 Billion + Sell Chinese People's Blood,3,simplified Chinese
2016-12-14,致习近平的批评性公开信+中穆网,A Critical Open Letter To Xi Jinping + China Muslim Net,2,simplified Chinese
2016-12-14,致習近平的批評性公開信+中穆網,A Critical Open Letter To Xi Jinping + China Muslim Net,2,traditional Chinese
2016-12-14,党为了政治+神州遍地生霾+各种蓝就出来,Party for Political Purposes + Shenzhou (China) Produces Smog Everywhere + All Kinds of Blue Would Come Out,3,simplified Chinese
2016-12-15,自由将大大萎缩+迫使政府撤回+叶刘淑仪,Freedom Will Decline Largely + Force Goverment to Take Back + Regina Ip Lau Suk-yee,3,simplified Chinese
2016-12-15,自由將大大萎縮+迫使政府撤回+葉劉淑儀,Freedom Will Decline Largely + Force Goverment to Take Back + Regina Ip Lau Suk-yee,3,traditional Chinese
2016-12-15,毛式独裁+党内元老+提名继任者,Maoist Authocracy + Party Senior + Nominate Successor,3,simplified Chinese
2016-12-15,毛式獨裁+黨內元老+提名繼任者,Maoist Authocracy + Party Senior + Nominate Successor,3,traditional Chinese
2016-12-15,Jinping+autocracy+successor,,3,English
2016-12-15,习近平缺少+一人独裁+容易操纵,Xi Jinping Lacks + One-man Autocracy + Easy to Manipulate,3,simplified Chinese
2016-12-15,習近平缺少+一人獨裁+容易操縱,Xi Jinping Lacks + One-man Autocracy + Easy to Manipulate,3,traditional Chinese
2016-12-15,选美冠军林耶凡+中国当局拒绝入境,Beauty Queen Anastasia Lin + Chinese Authorities Block Entering Border,2,simplified Chinese
2016-12-15,選美冠軍林耶凡+中國當局拒絕入境,Beauty Queen Anastasia Lin + Chinese Authorities Block Entering Border,2,traditional Chinese
2016-12-15,人权律师+江天勇+失踪,Human Rights Lawyer + Jiang Tianyong + Missing,3,simplified Chinese
2016-12-15,人權律師+江天勇+失蹤,Human Rights Lawyer + Jiang Tianyong + Missing,3,traditional Chinese
2016-12-15,江天勇+709+维权律师,Jiang Tianyong + 709 + Rights Lawyer,3,simplified Chinese
2016-12-15,江天勇+709+維權律師,Jiang Tianyong + 709 + Rights Lawyer,3,traditional Chinese
2016-12-15,流亡美国+乌坎村民+武力镇压,Exile to America + Wukan Villager + Military Crackdown,3,simplified Chinese
2016-12-15,流亡美國+烏坎村民+武力鎮壓,Exile to America + Wukan Villager + Military Crackdown,3,traditional Chinese
2016-12-15,习近平+铁腕手法+大权独揽,Xi Jinping + Iron Fist + Hold All Power,3,simplified Chinese
2016-12-15,習近平+鐵腕手法+大權獨攬,Xi Jinping + Iron Fist + Hold All Power,3,traditional Chinese
2016-12-18,异议人士彭明+强烈质疑+拒绝前往中国,Dissident Peng Ming + Seriously Doubt + Refuse to Go to China,3,simplified Chinese
2016-12-18,異議人士彭明+強烈質疑+拒絕前往中國,Dissident Peng Ming + Seriously Doubt + Refuse to Go to China,3,traditional Chinese
2016-12-21,维权人士+诺贝尔和平奖+刘晓波,Rights Activist + Nobel Peace Prize + Liu Xiaobo,3,simplified Chinese
2016-12-21,維權人士+諾貝爾和平獎+劉曉波,Rights Activist + Nobel Peace Prize + Liu Xiaobo,3,traditional Chinese
2016-12-21,外长李大维+谴责圣国+待价而沽,Foreign Minister Li Dawei + Denounce São Tomé + Wait for the Right Price,3,simplified Chinese
2016-12-21,外長李大維+譴責聖國+待價而沽,Foreign Minister Li Dawei + Denounce São Tomé + Wait for the Right Price,3,traditional Chinese
2016-12-22,起诉北京+政府不正确履行+防治责任违法,Sue Beijing + Govt Not Fulfiling + Breaking Responsibility of Prevention and Control ,3,simplified Chinese
2016-12-22,起訴北京+政府不正確履行+防治責任違法,Sue Beijing + Govt Not Fulfiling + Breaking Responsibility of Prevention and Control ,3,traditional Chinese
2016-12-22,访民廖建军+中南海喊冤+当局+打击上访,Petitioner Liao Jianjun + Cry Out Grievances in Zhongnanhai + Authorities + Crack down on Petitions ,4,simplified Chinese
2016-12-22,訪民廖建軍+中南海喊冤+當局+打擊上訪,Petitioner Liao Jianjun + Cry Out Grievances in Zhongnanhai + Authorities + Crack down on Petitions ,4,traditional Chinese
2016-12-22,中央政府+無法猜透+中南海高層,Centrl Govt + Unable to Guess + High-Level Figures in Zhongnanhai,3,traditional Chinese
2016-12-22,中央政府+无法猜透+中南海高层,Centrl Govt + Unable to Guess + High-Level Figures in Zhongnanhai,3,simplified Chinese
2016-12-23,镇压民众+六四天网+大陆被封锁,Crack Down on Civilian + June 4 Tianwang + Blocked in Mainland,3,simplified Chinese
2016-12-24,人被弄死+编造故事+雷洋案,Cause a person's death + Make Up Story + Lei Yang Case,3,simplified Chinese
2016-12-24,人被弄死+編造故事+雷洋案,Cause a person's death + Make Up Story + Lei Yang Case,3,traditional Chinese
2016-12-24,推翻共产党+政变+习近平,Overthrow CCP + Coup + Xi Jinping,3,simplified Chinese
2016-12-29,周永康的亲信+王建平+被带走,Zhou Yongkang's Trusted Follower + Wang Jianping + Taken Away,3,simplified Chinese
2016-12-29,Yongkang+Xi+corruption,,3,English
2016-12-29,不予起诉+法治耻辱+历届校友,Dismiss Charges + Shame on Rule of Law + Alumni,3,simplified Chinese
2016-12-29,共产党高层+整肃涉台+恫吓台湾,CCP High-leve + Put Taiwan-related (officials) in order + Intimidate Taiwan,3,simplified Chinese
2016-12-30,学生游行+六四镇压,Student demonstration + June 4 Crackdown,2,simplified Chinese
2016-12-30,频繁攻击+伊斯兰恐惧症+穆斯林的仇恨,Frequently Attack + Islamophobia + Hate against Muslim,3,simplified Chinese
2016-12-30,新疆的分裂+发动恐怖袭击+压迫性政策,Xijiang's Separation + Launch Terrorist Attack + Oppressive Policy,3,simplified Chinese
2016-12-30,维权组织+政府在新疆的高压政策+地区动荡,Rights Organization + Goverment's oppressive policies in Xinjiang + Turmoil in the Region,3,simplified Chinese
2016-12-30,Islam+Awazi,,2,English
2016-12-30,揣测北京+忠于中共的一派+中国地下教会,Conjecture Beijing + Faction Loyal to CCP + Chiness Underground Church,3,simplified Chinese
2016-12-30,黄奇帆+取代杨晶+任国务院秘书长,Huang Qifan + Replace Yang Jing + Appointed ,3,simplified Chinese
2017-01-03,銅鑼灣書店+桂民海,Causeway Bay Bookstore + Gui Minhai,2,traditional Chinese
2017-01-03,习近平+反腐运动+权力斗争,Xi Jinping + Anti-graft Campaign + Power Struggle,3,simplified Chinese
2017-01-03,習近平+反腐運動+權力鬥爭,Xi Jinping + Anti-graft Campaign + Power Struggle,3,traditional Chinese
2017-01-03,党内+权力斗争+薄熙来,Intra-party + Power Struggle + Bo Xilai,3,simplified Chinese
2017-01-03,人权活动+公民社会+习近平,Human Rights Activities + Civil Society + Xi jinping,3,simplified Chinese
2017-01-03,stick+Jinping+freedom,,3,English
2017-01-03,发动政变+周永康,Launch Coup + Zhou Yongkang,2,simplified Chinese
2017-01-03,达赖喇嘛+1月3日+金刚灌顶法会,Dalai Lama + January 3 + Kalachakra Initiation,3,simplified Chinese
2017-01-03,達賴喇嘛+1月3日+金剛灌頂法會,Dalai Lama + January 3 + Kalachakra Initiation,3,traditional Chinese
2017-01-03,Kalachakra+Dalai+Lama+Tibetan,,4,English
2017-01-03,གོང་ས་༸+མཆོག,,2,Tibetan
2017-01-04,གོང་ས་+མཆོག,,2,Tibetan
2017-01-04,གོང་ས་མཆོག,,1,Tibetan
2017-01-04,新闻自由公敌+习近平+再度上榜,Enemy of Freedom of Press + Xi Jinping + On the List Again,3,simplified Chinese
2017-01-04,遭当局频繁禁言+网络封锁+中共对公共舆论,Frequently Banned From Speaking Out by Authorities + Internet Blackout + CCP against Public Opinion,3,simplified Chinese
2017-01-04,达赖喇嘛+菩提伽耶+金刚灌顶法会,Dalai Lama +  Bodh Gaya +  Kalachakra Initiation,3,simplified Chinese
2017-01-04,達賴喇嘛+菩提伽耶+金剛灌頂法會,Dalai Lama +  Bodh Gaya +  Kalachakra Initiation,3,traditional Chinese
2017-01-04,बोधगया,Bodh Gaya ,1,Hindi
2017-01-04,बो,Bo,1,Hindi
2017-01-04,या,ya,1,Hindi
2017-01-04,丰台+公开信+清华校友,Fengtai + Open Letter + Tsinghua Alumni,3,simplified Chinese
2017-01-04,雷洋案+央视的错+一个政权的错误,Lei Yang Case + CCTV's Misconduct + A Regime's Misconduct,3,simplified Chinese
2017-01-04,雷洋案+央視的錯+一個政權的錯誤,Lei Yang Case + CCTV's Misconduct + A Regime's Misconduct,3,traditional Chinese
2017-01-04,共产党垮台,CCP's downfall,1,simplified Chinese
2017-01-04,声援西藏,Campaign for Tibet,1,simplified Chinese
2017-01-04,聲援西藏,Campaign for Tibet,1,traditional Chinese
2017-01-04,家族垄断国家+倒行逆施+投鼠忌器+中共政权,Family's Monopoly on State + Reactionary Policies + Hold back from taking action against an evil doer + CCP Regime ,4,simplified Chinese
2017-01-04,家族壟斷國家+倒行逆施+投鼠忌器+中共政權,Family's Monopoly on State + Reactionary Policies + Hold back from taking action against an evil doer + CCP Regime ,4,traditional Chinese
2017-01-05,举国体制+打造习近平+中国足球梦,Whole Nation System + Build Xi Jinping + China's Football Dream,3,simplified Chinese
2017-01-05,舉國體制+打造習近平+中國足球夢,Whole Nation System + Build Xi Jinping + China's Football Dream,3,traditional Chinese
2017-01-05,中国当局+温家宝的家族+屏蔽时报网站,Chinese Authorities + Wen Jiabao's family + Block NYT Website,3,simplified Chinese
2017-01-05,中國當局+溫家寶的家族+屏蔽時報網站,Chinese Authorities + Wen Jiabao's family + Block NYT Website,3,traditional Chinese
2017-01-05,纽约时报+温家宝家族财富,New York Times + Wen Jiabao family's wealth,2,simplified Chinese
2017-01-06,被抓+江泽民,Arrested + Jiang Zemin,2,simplified Chinese
2017-01-06,被抓+江澤民,Arrested + Jiang Zemin,2,traditional Chinese
2017-01-06,公开信联署+谢小玲发起+雷洋, ,3,simplified Chinese
2017-01-06,公開信聯署+謝小玲發起+雷洋,Open Lettle Co-signatory + Xie Xiaoling Initiated + Lei Yang,3,traditional Chinese
2017-01-06,至高无上的领袖+达赖喇嘛尊者,Supreme Leader + His Holiness Dalai Lama,2,simplified Chinese
2017-01-09,政治上失势+拥毛造势+独裁大恶,Lost Power in Politics + Endore Mao to Rally + Autocratic villain,3,simplified Chinese
2017-01-09,习近平上台+官员自杀+非正常死亡,Xi Jinping Took Office + Officials Commit Suicide + Abnormal Death,3,simplified Chinese
2017-01-09,遍地是灾+一党独裁+中国,Disaster Everywhere + One-Party Rule + China,3,simplified Chinese
2017-01-09,乌坎村民+土地维权+当局非法打压,Wukan Villiagers + Defend Land Rights + Authorities' illegal crackdown,3,simplified Chinese
2017-01-09,烏坎村民+土地維權+當局非法打壓,Wukan Villiagers + Defend Land Rights + Authorities' illegal crackdown,3,traditional Chinese
2017-01-09,维权人士+中共+打压,Rights Defender + CCP + Crackdown,3,simplified Chinese
2017-01-10,ལྷག་དཀར,Lhakar,1,Tibetan
2017-01-10,被警方击毙+李长福+仍遭警察,Shot Dead By Police + Li Changfu + Still By Police,3,simplified Chinese
2017-01-10,被警方擊斃+李長福+仍遭警察,Shot Dead By Police + Li Changfu + Still By Police,3,traditional Chinese
2017-01-10,中共政权反击+试图清洗+政治伦理,CCP Regime Fight Back + Try to Clean up + Political Ethics ,3,simplified Chinese
2017-01-10,中共政權反擊+試圖清洗+政治倫理,CCP Regime Fight Back + Try to Clean up + Political Ethics ,3,traditional Chinese
2017-01-10,民主抗争+有钱人垄断+反对中共,Democracy Fight + Monopoly of the Rich + Anti-CCP,3,simplified Chinese
2017-01-10,民主抗爭+有錢人壟斷+反對中共,Democracy Fight + Monopoly of the Rich + Anti-CCP,3,traditional Chinese
2017-01-10,李立国+贪腐大案+包养了11名,Li Liguo + Huge Corruption Case + Have 11 Mistresses,3,simplified Chinese
2017-01-10,大抓捕+深圳+邓剑峰+监视居住,Big Huntdown + Shenzhen + Deng Jianfeng + House Arrest,4,simplified Chinese
2017-01-11,习近平将破例+出席达沃斯论坛+寻求连任,Xi Jinping Breaks Routine + Attend Davos + Seek Re-election,3,simplified Chinese
2017-01-11,習近平將破例+出席達沃斯論壇+尋求連任,Xi Jinping Breaks Routine + Attend Davos + Seek Re-election,3,traditional Chinese
2017-01-11,刘飞跃+非法维稳+殃及家属,Liu Feiyue + Illegally Maitain Stability + Bring Collateral Damage to Families,3,simplified Chinese
2017-01-11,劉飛躍+非法維穩+殃及家屬,Liu Feiyue + Illegally Maitain Stability + Bring Collateral Damage to Families,3,traditional Chinese
2017-01-11,34届时轮金刚大灌顶+尊者,34th Kalachakra Initiation + His Holiness,2,simplified Chinese
2017-01-11,34屆時輪金剛大灌頂+尊者,34th Kalachakra Initiation + His Holiness,2,traditional Chinese
2017-01-11,中国当局+达赖喇嘛+流亡藏人,Chinese Authorities + Dalai Lama + Tibetan in Exile,3,simplified Chinese
2017-01-11,李立国+在任期间落马+小金库,Li Liguo + Sacked while in office + Little Coffers,3,simplified Chinese
2017-01-12,宫内节育器+强迫性的残害+中国政府,IUD + Forced Acts of Mutilation + Chinese Govt,3,simplified Chinese
2017-01-12,宮內節育器+強迫性的殘害+中國政府,IUD + Forced Acts of Mutilation + Chinese Govt,3,traditional Chinese
2017-01-12,དུས་དབང+དངོས་གཞི,,2,Tibetan
2017-01-12,བོད་མི,,1,Tibetan
2017-01-12,習核心,Xi Core,1,traditional Chinese
2017-01-12,性愛視頻+張曉江利用+進行打壓,Sex Tape + Zhang Xiaojiang Exploits + Suppress,3,traditional Chinese
2017-01-12,性爱视频+张晓江利用+进行打压,Sex Tape + Zhang Xiaojiang Exploits + Suppress,3,simplified Chinese
2017-01-12,尖锐问题+中国当局迟迟不提交补充报告+回避联会国,Tough Question + Chinese Authorities Delay Submitting Supplementary Report + Avoid UN,3,simplified Chinese
2017-01-12,香港的人权+倒退的状况+免於恐惧,Human Rights in HK + Go Backward + Free of fear,3,simplified Chinese
2017-01-12,香港的人權+倒退的狀況+免於恐懼,Human Rights in HK + Go Backward + Free of fear,3,traditional Chinese
2017-01-12,习近平+公开信,Xi Jinping + Open Letter,2,simplified Chinese
2017-01-12,習近平+公開信,Xi Jinping + Open Letter,2,traditional Chinese
2017-01-13,銅鑼灣書店+員工失蹤事件+旺角騷亂,Causeway Bay Books + Staff Went Missing + Mongkok Riot,3,traditional Chinese
2017-01-13,铜锣湾书店+员工失踪事件+旺角骚乱,Causeway Bay Books + Staff Went Missing + Mongkok Riot,3,simplified Chinese
2017-01-17,新浪帮我强制休假+被请过喝茶,Sina Foces me to Take a Vacation + Invited to Drink Tea,2,simplified Chinese
2017-01-17,南德意志报+妖魔化成新敌人+习近平+充满了讽刺,Suddeutsche Zeitung + Demonized as New Enemy + Xi Jinping + Full of Irony,4,simplified Chinese
2017-01-17,南德意志報+妖魔化成新敵人+習近平+充滿了諷刺,Suddeutsche Zeitung + Demonized as New Enemy + Xi Jinping + Full of Irony,4,traditional Chinese
2017-01-17,德国之声+习近平+民粹主义+达沃斯,Deutsche Welle + Xi Jinping + Nationalism + Davos,4,simplified Chinese
2017-01-17,德國之聲+習近平+民粹主義+達沃斯,Deutsche Welle + Xi Jinping + Nationalism + Davos,4,traditional Chinese
2017-01-17,马云+中共当局传话者+习近平探路,Ma Yun + CCP Authorities' Mouth-piece + Scout for Xi Jinping,3,simplified Chinese
2017-01-17,馬雲+中共當局傳話者+習近平探路,Ma Yun + CCP Authorities' Mouth-piece + Scout for Xi Jinping,3,traditional Chinese
2017-01-17,邓相超+毛粉+当局的打手,Deng Xiangchao + Maoism Supporter + Thug for the Authorities,3,simplified Chinese
2017-01-17,鄧相超+毛粉+當局的打手,Deng Xiangchao + Maoism Supporter + Thug for the Authorities,3,traditional Chinese
2017-01-17,六四+抗议+声援香港,June 4 + Protest + Voice Support Hong Kong,3,simplified Chinese
2017-01-17,不准非议+中国共产党领导+网上流传,Criticism Forbidden + CCP's leadership + Disseminated Online,3,simplified Chinese
2017-01-17,习近平+川普进行了+含蓄的批评,Xi Jinping + Trump Carried Out + Veiled Criticism,3,simplified Chinese
2017-01-17,習近平+川普進行了+含蓄的批評,Xi Jinping + Trump Carried Out + Veiled Criticism,3,traditional Chinese
2017-01-17,孟建柱+习近平+辱毛推墙,Meng Jianzhu + Xi Jinping + Insult Mao (Zedong) and Tear Down (GreaFire) Wall,3,simplified Chinese
2017-01-17,孟建柱+習近平+辱毛推牆,Meng Jianzhu + Xi Jinping + Insult Mao (Zedong) and Tear Down (GreaFire) Wall,3,traditional Chinese
2017-01-18,七不讲+不能讲+普世价值+高瑜,Seven Don't Mentions + Forbbiden Talks + Universal Values + Gao Yu,4,simplified Chinese
2017-01-18,维权事件频发+企业倒闭潮+持续低迷,Rights Protests Hppen Frequently + Wave of Enterprises' Shutdown + Constantly Stagnant,3,simplified Chinese
2017-01-18,維權事件頻發+企業倒閉潮+持續低迷,Rights Protests Hppen Frequently + Wave of Enterprises' Shutdown + Constantly Stagnant,3,traditional Chinese
2017-01-18,各级人大+不合法+无底线自黑,People's Congress at all levels + Illegitimate + Self-deprecation,3,simplified Chinese
2017-01-18,藏人协会+抗议活动+中共压迫,Tibetan Association + Protest + CCP Suppress,3,simplified Chinese
2017-01-18,藏人協會+抗議活動+中共壓迫,Tibetan Association + Protest + CCP Suppress,3,traditional Chinese
2017-01-18,危害国家安全+中国当局+严加控制,Endanger National Security + Chinese Authorities + Strict Control,3,simplified Chinese
2017-01-18,危害國家安全+中國當局+嚴加控制,Endanger National Security + Chinese Authorities + Strict Control,3,traditional Chinese
2017-01-18,习近平关系亲近+官僚气息+刘鹤的影响力,Proximity to Xi Jinping + Bureacratic-Sounding + Liu He's influence,3,simplified Chinese
2017-01-18,Jinping+critical+Washington+elect,,4,English
2017-01-19,必欲除之+祸国殃民+开历史的倒车,Must Get Rid of (Judicial Independence) + Disastrous to the country and the people + Go against the historical trend,3,simplified Chinese
2017-01-19,达沃斯+习近平警惕贸易战+向美国喊话,Davos + Xi Jinping Warns Against Trade War + Send a Message to US,3,simplified Chinese
2017-01-19,達沃斯+習近平警惕貿易戰+向美國喊話,Davos + Xi Jinping Warns Against Trade War + Send a Message to US,3,traditional Chinese
2017-01-19,遭外界质疑+一例佐证+李克强,Meet with Doubts + A Piece of Evidence + Li Keqiang,3,simplified Chinese
2017-01-19,人权律师+江天勇+秘密抓捕,Rights Lawyer + Jiang Tianyong + Secret Arrest,3,simplified Chinese
2017-01-19,尊者+34屆時輪金剛灌頂,Dalai Lama + His Holiness + 34th Kalachakra Initiation,2,traditional Chinese
2017-01-19,约束公民+吹捧毛泽东+限制互联网,Restrict Citizen + Flatter Mao Zedong + Restrict Internet,3,simplified Chinese
2017-01-19,約束公民+吹捧毛澤東+限制互聯網,Restrict Citizen + Flatter Mao Zedong + Restrict Internet,3,traditional Chinese
2017-01-19,帐户已被删除+周强身居要职+效忠习近平,Account has been deleted + Zhou Qiang Holds Promiment Position + Pledge loyalty to Xi Jinping,3,simplified Chinese
2017-01-20,民粹主义+习近平+响亮的耳光,Populism + Xi Jinping + Slab in a face,3,simplified Chinese
2017-01-20,རི+རྒྱལ,,2,Tibetan
2017-01-20,香港独立+维园年宵市场+被封的摊档+政治打压,Hong Kong Independence + Victorial Park New Yark Market + Banned Booth + Political Suppresion,4,simplified Chinese
2017-01-20,香港獨立+維園年宵市場+被封的攤檔+政治打壓,Hong Kong Independence + Victorial Park New Yark Market + Banned Booth + Political Suppresion,4,traditional Chinese
2017-01-20,江天勇+要求中国当局+下落,Jiang Tianyong + Demand Chinese Authorities + Whereabouts,3,simplified Chinese
2017-01-20,江天勇+要求中國當局+下落,Jiang Tianyong + Demand Chinese Authorities + Whereabouts,3,traditional Chinese
2017-01-23,限制了言论自由+习近平到访+大力干涉民主,Limite Freedom of Speech + Xi Jinping's Visit + Intervene in Democracy,3,simplified Chinese
2017-01-23,周强用充满火药味+俯首称臣+习近平从上台,Zhou Qiang's Statement has a strong smell of gunpowder + Bow before + Since Xi Jinping took office,3,simplified Chinese
2017-01-23,争取真普选+支持香港,Fight for True Universal Suffrage + Support Hong Kong,2,simplified Chinese
2017-01-24,毛泽东发动+暴力的文革+习近平,Mao Zedong Launched + Violent Cultural Revolution + Xi Jinping,3,simplified Chinese
2017-01-24,毛澤東發動+暴力的文革+習近平,Mao Zedong Launched + Violent Cultural Revolution + Xi Jinping,3,traditional Chinese
2017-01-24,挑战特朗普+院长周强+司法独立发出的警告,Challenges Trump + Chief Justice Zhou Qiang + Warning Against Judicial Independence,3,simplified Chinese
2017-01-24,律师笔录+中国酷刑+谢阳,Lawyer's deposition + Chinese Curel Torture + Xie Yang,3,simplified Chinese
2017-01-24,律師筆錄+中國酷刑+謝陽,Lawyer's deposition + Chinese Curel Torture + Xie Yang,3,traditional Chinese
2017-01-24,Defenders+China+Human+Rights+arrest,,5,English
2017-01-24,中国的审查者+血腥动乱+毛的政策,China's Censorship + Bloody Riot + Mao's Policy,3,simplified Chinese
2017-01-24,中國的審查者+血腥動亂+毛的政策,China's Censorship + Bloody Riot + Mao's Policy,3,traditional Chinese
2017-01-24,709+李春富+精神分裂,709 + Li Chunfu + Schizophrenia,3,simplified Chinese
2017-01-24,达赖喇嘛+中间道路+西藏,Dalai Lama + Middle Way + Tibet,3,simplified Chinese
2017-01-24,達賴喇嘛+中間道路+西藏,Dalai Lama + Middle Way + Tibet,3,traditional Chinese
2017-01-24,反抗中共,Fight Agasint CCP ,1,simplified Chinese
2017-01-24,失踪+中国维权律师关注组,Missing + China Human Rights Lawyer Concern Group,2,simplified Chinese
2017-01-24,维权律师关注+酷刑程度+高智晟,Human Rights Lawyers  Concern Group + Degree of Torture + Gao Zhisheng,3,simplified Chinese
2017-01-25,中国政坛+党内自由派+清洗残余,Chinese Politics  + Liberals in the CCP + Clean Up the Remnants,3,simplified Chinese
2017-01-25,被习近平利用+清除政敌+独立司法,Used by Xi Jinping + Clean Up Political Enemies + Judicial Independence,3,simplified Chinese
2017-01-25,被習近平利用+清除政敵+獨立司法,Used by Xi Jinping + Clean Up Political Enemies + Judicial Independence,3,traditional Chinese
2017-01-25,周強下台+網絡的封殺+十九大晉身,Zhou Qiang To Step Down + Banned on the Internet + Promoted in 19th Party Congress,3,traditional Chinese
2017-01-25,遑论最高法院+周强院长辞职+拱手送给西方,Not To Mention The Supreme Court + Chief Justice Zhou Qiang (should) Resignate + Hand Over to the West,3,simplified Chinese
2017-01-25,谨以公民身份+敦请周强院长+引咎辞职,As A Citizen + Ask Chief Justice + Take the Blame to Himself and Resign,3,simplified Chinese
2017-01-25,謹以公民身份+敦請周強院長+引咎辭職,As A Citizen + Ask Chief Justice + Take the Blame to Himself and Resign,3,traditional Chinese
2017-01-25,欧盟不停批评+关闭自己的市场+习近平,EU Keeps Criticizing + Close its Own Market + Xi Jinping,3,simplified Chinese
2017-01-25,歐盟不停批評+關閉自己的市場+習近平,EU Keeps Criticizing + Close its Own Market + Xi Jinping,3,traditional Chinese
2017-01-25,远华+贾庆林+江泽民,Yuanhua + Jia Qinglin + Jiang Zemin,3,simplified Chinese
2017-01-25,惩罚中国+自身垮台+习近平,Punish China + Collapse By Itself + Xi Jinping,3,simplified Chinese
2017-01-25,逼迫北京+一边倒的贸易+阻止特朗普,Force Beijing + Lopsided trade + Stop Trump,3,simplified Chinese
2017-01-25,逼迫北京+一邊倒的貿易+阻止特朗普,Force Beijing + Lopsided trade + Stop Trump,3,traditional Chinese
2017-01-26,习近平+纳那亚卡拉分析+腐败的根源,Xi Jingping + Nanayakkara Analyzed + Roots of Corruption,3,simplified Chinese
2017-01-26,習近平+納那亞卡拉分析+腐敗的根源,Xi Jingping + Nanayakkara Analyzed + Roots of Corruption,3,traditional Chinese
2017-01-26,网络黑屋子+中国政府+审查和控制,Internet Black House + Chinese Govt + Censroship and Control,3,simplified Chinese
2017-01-27,胡春华+陪同下逛西湖路花市+习近平正面支持,Hu Chunhua + Walk Around Xihu Road Flower Market under Accompany + Xi Jinping Positive Support,3,simplified Chinese
2017-01-27,高调曝光+习近平的正面+十九大前奏,High-profile exposure + Xi Jinping's Positive (Support) + Prelude to 19th Party Congress,3,simplified Chinese
2017-01-27,胡春華+陪同下逛西湖路花市+習近平正面支持,Hu Chunhua + Walk Around Xihu Road Flower Market under Accompany + Xi Jinping Positive Support,3,traditional Chinese
2017-01-27,高調曝光+習近平的正面+十九大前奏,High-profile exposure + Xi Jinping's Positive (Support) + Prelude to 19th Party Congress,3,traditional Chinese
2017-01-30,谢阳刑讯逼供+控告后援团,Xie Yang Extorted a Confession by Torture + Accusations Back Up,2,simplified Chinese
2017-01-30,謝陽刑訊逼供+控告後援團,Xie Yang Extorted a Confession by Torture + Accusations Back Up,2,traditional Chinese
2017-01-30,春晚+愚民工程+萎大的奴隶制度,Spring Festival Gala + Fool Citizens Project + Withered Slavery,3,simplified Chinese
2017-01-30,春晚+愚民工程+萎大的奴隸制度,Spring Festival Gala + Fool Citizens Project + Withered Slavery,3,traditional Chinese
2017-01-30,自焚抗议+达赖喇嘛+中共+人权,Self-Immolation Protest + Dalai Laima + CCP + Human Rights,4,simplified Chinese
2017-01-30,中共当局+摧毁西藏+支持西藏,CCP Authorities + Destroy Tibet + Support Tibet,3,simplified Chinese
2017-01-30,上海帮+团派+习近平,Shanghai Clique + Youth League Faction + Xi Jinping,3,simplified Chinese
2017-01-30,包括春晚+威权国家+寄生宿主,Spring Festival Gala Included + Authoritarian State + Parasitic Host,3,simplified Chinese
2017-01-30,包括春晚+威權國家+寄生宿主,Spring Festival Gala Included + Authoritarian State + Parasitic Host,3,traditional Chinese
2017-01-31,facebook+习近平+开户,facebook + Xi Jinping + Opened an Account,3,simplified Chinese
2017-01-31,被抓+肖建华+香港,Arrested + Xiao Jianhua + Hong Kong,3,simplified Chinese
2017-01-31,被抓+肖建華+香港,Arrested + Xiao Jianhua + Hong Kong,3,traditional Chinese
2017-01-31,abducted+corruption+Chinese+Jianhua,,4,English
2017-01-31,陈破空+清算VPN+诸如六四周年,Chen Pokong + Crackdown on VPN + June 4 Anniversay For Example,3,simplified Chinese
2017-01-31,封杀VPN+习近平完成集权+十九大,Block VPN + Xi Jinping Finishes Cosolidating Power + 19th Party Congress,3,simplified Chinese
2017-01-31,封殺VPN+習近平完成集權+十九大,Block VPN + Xi Jinping Finishes Cosolidating Power + 19th Party Congress,3,traditional Chinese
2017-01-31,谢阳+陈建刚+被抓捕+被审讯,Xie Yang + Chen Jiangang + Arrested + Interrogated ,4,simplified Chinese
2017-01-31,谢阳+指定监视居住+轮班审讯,Xie Yang + Residential Confinement at Designated Residence  + Take TShift to Intrerogate,3,simplified Chinese
2017-01-31,謝陽+指定監視居住+輪班審訊,Xie Yang + Residential Confinement at Designated Residence  + Take TShift to Intrerogate,3,traditional Chinese
2017-01-31,文化大革命+精神是自由的+谢阳本人无罪,Cultural Revolution + Spirits Are Free + Xie Yang Myself Innocent,3,simplified Chinese
2017-01-31,文化大革命+精神是自由的+謝陽本人無罪,Cultural Revolution + Spirits Are Free + Xie Yang Myself Innocent,3,traditional Chinese
2017-02-02,肖建华+习,Xiao Jianhua + Xi (Jinping),2,simplified Chinese
2017-02-02,肖建華+習,Xiao Jianhua + Xi (Jinping),2,traditional Chinese
2017-02-02,六四+肖建华,June 4 + Xiao Jianhua,2,simplified Chinese
2017-02-02,被控制+肖建华+明天系,Controlled + Xiao Jianhua + Tomorrow Group,3,simplified Chinese
2017-02-02,被控制+肖建華+明天系,Controlled + Xiao Jianhua + Tomorrow Group,3,traditional Chinese
2017-02-02,肖建华+八九民运,Xiao Jianhua + 89 Democratic Movement,2,simplified Chinese
2017-02-02,肖建華+八九民運,Xiao Jianhua + 89 Democratic Movement,2,traditional Chinese
2017-02-02,黄琦+维权人士+六四天网,Huang Qi + Rights Defender + June 4 Tianwang ,3,simplified Chinese
2017-02-02,酷刑+维权律师+高智晟,Torture + Rights Lawyer + Gao Zhisheng,3,simplified Chinese
2017-02-02,习近平+中共暴政,Xi Jinping + CCP Repressive Regime,2,simplified Chinese
2017-02-02,習近平+中共暴政,Xi Jinping + CCP Repressive Regime,2,traditional Chinese
2017-02-03,肖建华+近平,Xiao Jianhua + Jinping,2,simplified Chinese
2017-02-03,肖建華+近平,Xiao Jianhua + Jinping,2,traditional Chinese
2017-02-03,天安门+博物馆北侧+交通事故,Tiananmen + North of (National) Museum + Traffic Accident,3,simplified Chinese
2017-02-03,天安門+博物館北側+交通事故,Tiananmen + North of (National) Museum + Traffic Accident,3,traditional Chinese
2017-02-03,权力斗争+习近平+太子党,Power struggle + Xi Jinping + Princeling,3,simplified Chinese
2017-02-03,權力鬥爭+習近平+太子黨,Power struggle + Xi Jinping + Princeling,3,traditional Chinese
2017-02-03,习近平+习家军+忠于自己,Xi Jinping + Xi's Army + Loyal to Himself,3,simplified Chinese
2017-02-03,大抓捕+709+谢阳+维权律师,Mass Arrest + 709 + Xie Yang + Rights Lawyer,4,simplified Chinese
2017-02-03,大抓捕+709+謝陽+維權律師,Mass Arrest + 709 + Xie Yang + Rights Lawyer,4,traditional Chinese
2017-02-03,胡石根+大抓捕+秘密审判,Hu Shigen + Mass Arrest + Secret Interrogation,3,simplified Chinese
2017-02-03,709大抓捕+人权捍卫者+剥夺会见权,709 Mass Arrest + Human Rights Defender + Deprived of Right to Meet,3,simplified Chinese
2017-02-03,失联+曾飞洋+劳工,Lost Contact + Zeng Feiyang + Labour,3,simplified Chinese
2017-02-04,709+大抓捕+指定居所监视,709 + Mass Arrest + Residential Confinement at Designated Residence ,3,simplified Chinese
2017-02-04,中国大陆+王全璋的妻子+家属的打压,Mainland China + Wang Quanzhang's Wife + Harassement on Relatives,3,simplified Chinese
2017-02-04,须有的构陷+江天勇+报复和打压,Unfounded framing + Jiang Tianyong + Revenge and Surpression,3,simplified Chinese
2017-02-04,須有的構陷+江天勇+報復和打壓,Unfounded framing + Jiang Tianyong + Revenge and Surpression,3,traditional Chinese
2017-02-04,探望江天勇+中国当局+有些顾忌,Visit Jiang Tianyong + Chinese Authorities + Some Concerns,3,simplified Chinese
2017-02-04,看望遭羁押+起诉公安部+江天勇,Visit Detained + Sue Ministry of Public Security + Jiang Tianyong,3,simplified Chinese
2017-02-05,李文足+消除影响+颜色革命,Li Wenzu + Eliminate Ill Effects + Color Revolution,3,simplified Chinese
2017-02-05,李文足+消除影響+顏色革命,Li Wenzu + Eliminate Ill Effects + Color Revolution,3,traditional Chinese
2017-02-05,王峭岭+中共+709大抓捕,Wang Qiaoling + CCP + 709 Mass Arrest,3,simplified Chinese
2017-02-05,王峭嶺+中共+709大抓捕,Wang Qiaoling + CCP + 709 Mass Arrest,3,traditional Chinese
2017-02-05,中共暴政+唐荆陵+家属被打压,CCP Tyrannical Rule + Tang Jingling + Relatives Are Suppressed ,3,simplified Chinese
2017-02-05,中共暴政+唐荊陵+家屬被打壓,CCP Tyrannical Rule + Tang Jingling + Relatives Are Suppressed ,3,traditional Chinese
2017-02-07,习近平独裁+特朗普+任意逮捕记者,Xi Jinping Autocracy + Trump + Arrest Journalists Arbitrarily,3,simplified Chinese
2017-02-07,習近平獨裁+特朗普+任意逮捕記者,Xi Jinping Autocracy + Trump + Arrest Journalists Arbitrarily,3,traditional Chinese
2017-02-07,张德江+中央唯一支持的人选+钦点,Zhang Dejiang + The Only Candidate Approved by Central Government + Appointed,3,simplified Chinese
2017-02-07,天安门+恐怖袭击+翻车,Tiananmen Square + Terrorist Attack + Car Accident,3,simplified Chinese
2017-02-07,颠覆国家政权+中国人权+秦永敏,Subvert State Power + China Human Rights + Qin Yongmin,3,simplified Chinese
2017-02-07,中国人权+批评中国政府,China Human Rights + Criticize Chinese Government,2,simplified Chinese
2017-02-07,肖建华+中共权斗+曾庆红,Xiao Jianhua + CCP Power Struggle + Zeng Qinghong,3,simplified Chinese
2017-02-07,肖建華+中共權鬥+曾慶紅,Xiao Jianhua + CCP Power Struggle + Zeng Qinghong,3,traditional Chinese
2017-02-07,江泽民+曾庆红+大老虎,Jiang Zemin + Zeng Qinghong + Big Tiger,3,simplified Chinese
2017-02-07,肖建华+声明+被绑架+被删除,Xiao Jianhua + Statement + Abducted + Deleted,4,simplified Chinese
2017-02-07,肖建華+聲明+被綁架+被刪除,Xiao Jianhua + Statement + Abducted + Deleted,4,traditional Chinese
2017-02-07,肖建华+邓家贵,Xiao Jianhua + Deng Jiagui,2,simplified Chinese
2017-02-07,肖建華+鄧家貴,Xiao Jianhua + Deng Jiagui,2,traditional Chinese
2017-02-07,央妈的智慧之处+财务欺诈+自家那本帐,Wisdom of Central Mother (People's Bank of China) + Accounting Fraud + Own Accounting Books,3,simplified Chinese
2017-02-07,央媽的智慧之處+財務欺詐+自家那本帳,Wisdom of Central Mother (People's Bank of China) + Accounting Fraud + Own Accounting Books,3,traditional Chinese
2017-02-07,中共19大+习近平+第二个任期+如何强硬,CCP 19th Party Congress + Xi Jinping + Second Term + How Strong,4,simplified Chinese
2017-02-07,江泽民时期+放纵腐败+胡锦涛+被架空,Jiang Zemin Period + Give Corruption on a Loose Rein + Hu Jintao + Power taken away,4,simplified Chinese
2017-02-08,龙镇洋辞职信+加速再文革+政治体制+破灭,Long Zhenyang Resignation Letter + Accelerate Cultrual Revolution Again + Political Reform + Disillusion,4,simplified Chinese
2017-02-08,重回文革+龙镇洋+寻求政治庇护,Return to Cultural Revolution + Long Zhenyang + Seek Political Assylum,3,simplified Chinese
2017-02-08,重回文革+龍鎮洋+尋求政治庇護,Return to Cultural Revolution + Long Zhenyang + Seek Political Assylum,3,traditional Chinese
2017-02-08,乌坎关注团+打着党旗+庄烈宏,Wukan Concerned Group + Bring Party Flag + Zhuang Liehong,3,simplified Chinese
2017-02-08,芮成钢+中国当局+周强胡吹海吹,Rui Chenggang + Chinese Authorities + Zhou Qiang Brags,3,simplified Chinese
2017-02-08,芮成鋼+中國當局+周強胡吹海吹,Rui Chenggang + Chinese Authorities + Zhou Qiang Brags,3,traditional Chinese
2017-02-10,威胁中共+下令媒体避免报道+特朗普不利,Threaten CCP + Order Media To Avoid Reporting + Critical of Trump,3,simplified Chinese
2017-02-10,威脅中共+下令媒體避免報道+特朗普不利,Threaten CCP + Order Media To Avoid Reporting + Critical of Trump,3,traditional Chinese
2017-02-10,习近平+煽动民粹+专制者的惯用,Xi Jinping + Incite Nationalism + Authocrats' Frequently-used (techniques),3,simplified Chinese
2017-02-10,習近平+煽動民粹+專制者的慣用,Xi Jinping + Incite Nationalism + Authocrats' Frequently-used (techniques),3,traditional Chinese
2017-02-10,人权问题+中国+民众抗议,Human Rights Question + China + Civilian's Protest,3,simplified Chinese
2017-02-10,习近平上台+对外援助+到处乱撒钱,Xi Jinping Took Office + Foreign Aid + Spent Money Randomly,3,simplified Chinese
2017-02-10,特别是习近平为+提供巨额援助+老百姓抱怨,Especially Xi Jinping In Order To + Provide Enourmous Aid + People Complain,3,simplified Chinese
2017-02-10,反人类+中国文革回潮+共产党的暴政,Anti-mankind + China's Cultual Revolution's Comeback + Communist Party's Tyrannical Rule,3,simplified Chinese
2017-02-10,共产党暴力+中共意识形态+旅美中国民运,Communist Party's Violence + CCP Ideology + Chinese Activists Residing in US,3,simplified Chinese
2017-02-10,中国政府+限制藏人旅行+刁难出国,Chinese Govt + Limit Tibetans' Travel + Create Difficulties for Going Abroad,3,simplified Chinese
2017-02-10,中國政府+限制藏人旅行+刁難出國,Chinese Govt + Limit Tibetans' Travel + Create Difficulties for Going Abroad,3,traditional Chinese
2017-02-10,被关押+贾庆林,Under Custody + Jia Qinglin ,2,simplified Chinese
2017-02-13,不重王道+政治控制毫不放松+习近平,No Emphasis on Humane Authority + Not losing Grip on Political Control + Xi Jinping,3,simplified Chinese
2017-02-13,六四+镇压+屠城,June 4 + Crackdown + Massacra,3,simplified Chinese
2017-02-13,权平+习近平+煽动颠覆国家政权,Kwon Pyong + Xi Jinping + Subversion of State Power,3,simplified Chinese
2017-02-13,權平+習近平+煽動顛覆國家政權,Kwon Pyong + Xi Jinping + Subversion of State Power,3,traditional Chinese
2017-02-13,习包子+大撒币,Xi Bun + Big Stupid,2,simplified Chinese
2017-02-13,習包子+大撒幣,Xi Bun + Big Stupid,2,traditional Chinese
2017-02-13,达赖喇嘛+抗暴+西藏流亡政府,Dalai Lama + Fight Against Violence + Tibet Government In Exile,3,simplified Chinese
2017-02-13,達賴喇嘛+抗暴+西藏流亡政府,Dalai Lama + Fight Against Violence + Tibet Government In Exile,3,traditional Chinese
2017-02-13,肖建华+压力太大+大陆,Xiao Jianhua + Too Much Pressure + Mainland,3,simplified Chinese
2017-02-13,肖建華+壓力太大+大陸,Xiao Jianhua + Too Much Pressure + Mainland,3,traditional Chinese
2017-02-13,出版禁书+当局+铜锣湾书店,Publish Banned Books + Authorities + Causeway Bay Bookstore,3,simplified Chinese
2017-02-13,习子规,Standards for being a Good Xi's Pupil and Child,1,simplified Chinese
2017-02-13,習子規,Standards for being a Good Xi's Pupil and Child,1,traditional Chinese
2017-02-13,红军小学+洗脑教育+中共军队,Red Army Primary School + Brainwashing Education + CCP Army,3,simplified Chinese
2017-02-13,紅軍小學+洗腦教育+中共軍隊,Red Army Primary School + Brainwashing Education + CCP Army,3,traditional Chinese
2017-02-14,皮山+袭击+出事,Pishan + Attack + Incident,3,simplified Chinese
2017-02-14,维权组织+新疆的高压政策+地区动荡,Rights Organizations + Xinjiang's Restrictive Policies + Regional Turmoil,3,simplified Chinese
2017-02-14,暗杀同父+毒针杀害+金正日,Assasinate Same Father('s son) + Killed by Poisonous Needle + Kim Jong-il,3,simplified Chinese
2017-02-14,暗殺同父+毒針殺害+金正日,Assasinate Same Father('s son) + Killed by Poisonous Needle + Kim Jong-il,3,traditional Chinese
2017-02-14,皮山+暴恐+击毙,Pishan + Terrorist Attack + Shot Death,3,simplified Chinese
2017-02-15,政府强烈制止+不许碰金正男+中国当局,Govt Strongly Stops + No Touchign Kim Jong-nam + Chinese Authorities,3,simplified Chinese
2017-02-15,政府強烈制止+不許碰金正男+中國當局,Govt Strongly Stops + No Touchign Kim Jong-nam + Chinese Authorities,3,traditional Chinese
2017-02-15,中共决策层+特殊权力结构+攫取财富,CCP Decision-making personale + Special Power Structure + Rip Profits,3,simplified Chinese
2017-02-15,中共決策層+特殊權力結構+攫取財富,CCP Decision-making personale + Special Power Structure + Rip Profits,3,traditional Chinese
2017-02-16,金正恩下令+刺杀自己的兄长+黄映镜教授,Kim Jong-un Ordered + Assassinate one's own brother + Professor Balbina Hwang,3,simplified Chinese
2017-02-16,金正恩下令+刺殺自己的兄長+黃映鏡教授,Kim Jong-un Ordered + Assassinate one's own brother + Professor Balbina Hwang,3,traditional Chinese
2017-02-16,异议人士+黑影幢幢+中共政权,Dissident + Flickering shadows + CCP Authorities,3,simplified Chinese
2017-02-16,異議人士+黑影幢幢+中共政權,Dissident + Flickering shadows + CCP Authorities,3,traditional Chinese
2017-02-16,对权力构成挑战+独裁统治+取代金正恩,Post Challenges to Power + Autocratic Rule + Replace Kim Jong-un,3,simplified Chinese
2017-02-16,對權力構成挑戰+獨裁統治+取代金正恩,Post Challenges to Power + Autocratic Rule + Replace Kim Jong-un,3,traditional Chinese
2017-02-16,powerful+Chinese+Xi+leader,,4,English
2017-02-22,独裁的金氏政权+沮丧与失望+受到北京的保护,Autocratic Kim's Regime + Upset and Disappointed + Protected by Beijing,3,simplified Chinese
2017-02-22,獨裁的金氏政權+沮喪與失望+受到北京的保護,Autocratic Kim's Regime + Upset and Disappointed + Protected by Beijing,3,traditional Chinese
2017-02-23,退伍老兵+军委大楼+维权+进京上访,Retired Veteran +  (Central)  Military Commission Building + Defend Rights + Go to Beijing to Petition,4,simplified Chinese
2017-02-23,奥斯卡自由人权奖+王宇律师+维权人士,Oscars Freedom & Human Rights Awards + Lawyer Wang Yu + Rights Defender,3,simplified Chinese
2017-02-23,激烈反弹+曾俊华当选+中央将不会任命+质疑选委,Severe Blowback + Tsang Chun-wah Gets Elected + Central (Govt) Won't Appoint + Question Election Committee,4,simplified Chinese
2017-02-23,激烈反彈+曾俊華當選+中央將不會任命+質疑選委,Severe Blowback + Tsang Chun-wah Gets Elected + Central (Govt) Won't Appoint + Question Election Committee,4,traditional Chinese
2017-02-23,江派+梁振英,Jiang (Zemin) Clique + Leung Chun-ying,2,simplified Chinese
2017-02-23,法学界人士+联名要求+周强下台,Jurisprudence Professionals + Signed (a open letter) to demand + Zhou Qiang to Step Down,3,simplified Chinese
2017-02-23,中国退伍军人+维权+八一大楼,Chinese Retired Military Veteran + Defend Rights + 81 Building,3,simplified Chinese
2017-02-23,不忘抗争+习近平+中国女政治犯,Don't Forget to Fight + Xi Jinping + Chinese Female Political Criminals,3,simplified Chinese
2017-02-23,习近平+诺贝尔和平奖+刘晓波,Xi Jinping + Nobel Peace Prize + Liu Xiaobo,3,simplified Chinese
2017-02-24,王岐山+江系+曾庆红+调查+架空,Governor of Yunnan Province + Scandal of Wrongly Prouncing Characters + Fu You Lake,5,simplified Chinese
2017-02-24,雲南省長+讀錯字醜聞+撫優湖,Governor of Yunnan Province + Scandal of Wrongly Prouncing Characters + Fu You Lake,3,traditional Chinese
2017-02-24,宽衣通商+镇越铁路,Loosen Clothes and Smooth Business + Zhen Yue Railway,2,simplified Chinese
2017-02-24,寬衣通商+鎮越鐵路,Loosen Clothes and Smooth Business + Zhen Yue Railway,2,traditional Chinese
2017-02-24,习近平+江系,Xi Jingping + Jiang Clique,2,simplified Chinese
2017-02-24,習近平+江系,Xi Jingping + Jiang Clique,2,simplified Chinese
2017-02-25,退役军人+中纪委+任国强,Military Veterans + Central Discipline and Inspection Committee + Ren Guoqiang,3,simplified Chinese
2017-02-25,访民黄伦+撬门抄家+北京上访,Petitioner Huang Lun + Break In and Confiscate Things at Home + Petition in Beijing,3,simplified Chinese
2017-02-25,訪民黃倫+撬門抄家+北京上訪,Petitioner Huang Lun + Break In and Confiscate Things at Home + Petition in Beijing,3,simplified Chinese
2017-02-25,政策的牺牲品+梁振英的维稳+中共改造,Sacrifice for Policy + Lueng Chun-ying's Stability Maintenance (Tool) + CCP Reform,3,traditional Chinese
2017-02-25,街头政治+大陆横行霸道+中共红二代,Street Politics + Mainland Bullies + CCP 2nd Red Generation,3,simplified Chinese
2017-02-25,街頭政治+大陸橫行霸道+中共紅二代,Street Politics + Mainland Bullies + CCP 2nd Red Generation,3,traditional Chinese
2017-02-25,党报和五毛+中共念念不忘+改造香港,Party Newspaper + Fifty-cent (Party) + CCP Never Forgets + Change Hong Kong,3,simplified Chinese
2017-02-25,黨報和五毛+中共念念不忘+改造香港,Party Newspaper + Fifty-cent (Party) + CCP Never Forgets + Change Hong Kong,3,traditional Chinese
2017-02-27,政治歌+彭丽媛并立+高层雷厉风行,Politcal Songs + Peng Liyuan Parallel + High Level (carries out a task) resolutely and swiftly,3,simplified Chinese
2017-02-27,中共官员+抛弃统战+难逞所愿,CCP Officials + Abandon United Front + Difficult to Fulfil One's Wish,3,simplified Chinese
2017-02-27,两会疯狂维稳+截访者+冲击旅馆+韩素华仰药,Two Sessions Crazy about Maintaining Social Stability + Petition Stoppers + Attack Hotels + Han Suhua Drinks Poisonous Drugs ,4,simplified Chinese
2017-02-27,兩會瘋狂維穩+截訪者+衝擊旅館+韓素華仰藥,Two Sessions Crazy about Maintaining Social Stability + Petition Stoppers + Attack Hotels + Han Suhua Drinks Poisonous Drugs ,4,traditional Chinese
2017-02-27,沙雅监狱+张海涛+期满考试合格,Shayar/Xayar Jail + Zhang Haitao + (Jail) Time Finished and Pass The (Reeducation) Exam ,3,simplified Chinese
2017-02-27,沙雅監獄+張海濤+期滿考試合格,Shayar/Xayar Jail + Zhang Haitao + (Jail) Time Finished and Pass The (Reeducation) Exam ,3,traditional Chinese
2017-02-27,新疆当局+张海涛+良心犯,Xinjiang Authorities + Zhang Haitao + Criminals with Conscience,3,simplified Chinese
2017-02-27,低级的算法+暗批中国制裁+朝中社署名,Low-grade Calculation + Indirectly Criticize China's Sanctions (against North Korea) + Korean Central News Agency,3,simplified Chinese
2017-02-27,中国右派+夹边沟祭事+公开放映,Chinese Rightist + Jiabiangou Elegy + Public Screening,3,simplified Chinese
2017-02-27,国际特赦+世界报告+西藏人权,Amnesty International + World Report + Tibet Human Rights,3,simplified Chinese
2017-02-27,國際特赦+世界報告+西藏人權,Amnesty International + World Report + Tibet Human Rights,3,traditional Chinese
2017-02-27,境内藏人+中共的打压+政治犯数据库,Tibetans Within (Chinese) Borders + CCP's Crackdown + Database of Political Criminals,3,simplified Chinese
2017-02-27,境內藏人+中共的打壓+政治犯數據庫,Tibetans Within (Chinese) Borders + CCP's Crackdown + Database of Political Criminals,3,traditional Chinese
2017-02-27,郭树清+充满欺诈+金融系统,Guo Shuqing + Full of Fraud + Financial System,3,simplified Chinese
2017-02-27,曾荫权+大陆的官员+大大清官,Donald Tsang + Mainland Officials + Big Clean Official,3,simplified Chinese
2017-02-27,政治目标+被我们忽视+深度官僚,Political Goals + Ingored by Us (in the West) + Deepply Bureaucratic,3,simplified Chinese
2017-02-27,政治目標+被我們忽視+深度官僚,Political Goals + Ingored by Us (in the West) + Deepply Bureaucratic,3,traditional Chinese
2017-02-27,power+Xiaoping+authoritarian,,3,English
2017-02-27,金家王朝+指责中国+中朝关系的恶化,Kim Dynasty + Accused China + Sino-DPRK Relations Worsen,3,simplified Chinese
2017-02-27,Jinping+erratic+ruling+Kim+dynasty,,5,English
2017-02-28,德国之声+习近平+红色紧箍咒,Deutsche Welle + Xi Jinping + Red Incantation,3,simplified Chinese
2017-02-28,支持达赖,Support Da Lai,1,simplified Chinese
2017-02-28,访民曾宪武+中共镇压+此次两会,Petitioner Zeng Xianwu + CCP Crackdown + This (year's) Two Sessions,3,simplified Chinese
2017-02-28,訪民曾憲武+中共鎮壓+此次兩會,Petitioner Zeng Xianwu + CCP Crackdown + This (year's) Two Sessions,3,traditional Chinese
2017-02-28,特首梁振英+进政协+引发争议,Chief Executive Leung Chen-ying + Enter (Chinese People's) Political Consultative Conference + Cause Controversy,3,simplified Chinese
2017-02-28,张书国仕途+清毒工作+肃清郭徐,Zhang Shuguo Political Careet + Cleansing + Clean Up Guo (Boxiong) Xu (Caihou),3,simplified Chinese
2017-02-28,張書國仕途+清毒工作+肅清郭徐,Zhang Shuguo Political Careet + Cleansing + Clean Up Guo (Boxiong) Xu (Caihou),3,traditional Chinese
2017-02-28,权力过渡+一个中国+非要受制,(Trump's) Power Transition + One China (Policy) + (Why) Have to Be Restrained By,3,simplified Chinese
2017-02-28,谭晶已转入+云南代表团+军改大裁员,Tan Jing Has Transferred to + Yunnan Delegate + Army Reform and Layoff,3,simplified Chinese
2017-03-03,全面被禁+人大代表+约合3万亿+德国之声,All Banned + Represtatives of National People's Congress + About 4000 Billion (Yuan) + Deustche Welle,4,simplified Chinese
2017-03-03,全面被禁+人大代表+約合3萬億+德國之聲,All Banned + Represtatives of National People's Congress + About 4000 Billion (Yuan) + Deustche Welle,4,traditional Chinese
2017-03-03,人权迫害+习近平+极端压制,Persecute Human Rights + Xi Jinping + Extreme Crackdown,3,simplified Chinese
2017-03-03,习近平+富翁代表+巨额财富,Xi Jinping + Rich Representatives + Huge Amount of Wealth,3,simplified Chinese
2017-03-03,香港26名+俞正声+反对梁振英,Hong Kong 26 (legislators) + Yu Zhengsheng + Oppose Leung Chun-ying,3,simplified Chinese
2017-03-03,共产党+能保持稳定+地震可能不会,CCP + Can Remain Stable + Shakeup Might Not (Come),3,simplified Chinese
2017-03-03,习近平是否+巩固自己+新领导层的控制,Whether Xi Jinping Can + Consolidate Himself + Control over New Leadership ,3,simplified Chinese
2017-03-03,共产党+领导人的权力+持着一种约束,CCP + Leader's Power + (Maintain) a Restrain ,3,simplified Chinese
2017-03-03,虽然习近平+新领导层+交易的牺牲品,Although Xi Jinping + New Leadership  + Sacrifice of Trade,3,simplified Chinese
2017-03-03,邓茂生的说法+最高层的意见+没有报道,Deng Maosheng's Statement + Opinions from the Top-level Leadership + (Chinese media) didn't report,3,simplified Chinese
2017-03-03,习近平+政治皮影戏+想象的傲慢,Xi Jingping + Political Shadow Play + (Un)imaginable Arrogance,3,simplified Chinese
2017-03-03,彭博社报道+邓茂生说+七上八下,Bloomberg Report + Deng Maosheng Says + 7(0-years-old) Took Office 8(0-years-old) Retired,3,simplified Chinese
2017-03-03,王岐山的猜测+10月开始+年龄的规定,Wang Qishan's Guess + Starting from October + Rules about Age,3,simplified Chinese
2017-03-03,习近平+曾在+年龄的规定不是绝对的,Xi Jinping + Once At + Rulse About Age Is Not Absolute,3,simplified Chinese
2017-03-03,习近平+曾淡化+七上八下的规定,"Xi Jinping + Weakened + Rules on ""7(0-years-old) Took Office 8(0-years-old) Retired""",3,simplified Chinese
2017-03-03,习近平+还没+王岐山留任+发出了信号,Xi Jinping + Not Yet + Wang Qishan Keeps Position + Sent Signal,4,simplified Chinese
2017-03-03,王岐山放弃+他担任过+混乱的政府,Wang Qishan Gave Up + He Assumed Office As + Chaotic Govt,3,simplified Chinese
2017-03-03,王岐山+党威权统治+深红色信念,Wang Qishan + Party's Authoritarian Rule + Dark Red Faith,3,simplified Chinese
2017-03-03,王岐山+麦卡维尔+只不过+国家控制之下的系统的效率,Wang Qishan + McArver + (He) Is Only + Efficiency of the System Under State Control,4,simplified Chinese
2017-03-03,负债累累+习近平可能+王岐山担任总理,High In Debt + Xi Jingping May + (Let) Wang Qishan Be Prime Minister,3,simplified Chinese
2017-03-03,替换李克强+重启停滞+改革提供,Replace Li Keqiang + Restart Stagnatic (Reform) + Offer Reform (an Opportunity),3,simplified Chinese
2017-03-03,邓聿文说+让王岐山+让出这个权力,Deng Jinwen Said + Let Wang Qishan (Have More Say over Economic Policy) + (Xi Jinping Might Not) Let Go of Power,3,simplified Chinese
2017-03-03,李克强+都做不成+权力不在他手,Li Keqiang + Not Able to Do (many things) + Power Not In His Hands,3,simplified Chinese
2017-03-03,退休官员说+王岐山曾+应对未预料,Retired Official Said + Wang Qishan Once (said to his friends) + Handle Unexpected (tasks),3,simplified Chinese
2017-03-03,王岐山+网上泄露出来+党叫干啥,Wang Qishan + (Speech Video) Leaked on the Internet + (Do As) The Party Says,3,simplified Chinese
2017-03-06,互相矛盾+显得尴尬+中国+双重标准,Contradict itself + Seems Embarassing + China + Double Standards,4,simplified Chinese
2017-03-06,习近平+西方舆论大多解释+更重要的是国王,Xi Jinping + Opinions in the West Mostly Considered + Emperor Is More Important,3,simplified Chinese
2017-03-06,習近平+西方輿論大多解釋+更重要的是國王,Xi Jinping + Opinions in the West Mostly Considered + Emperor Is More Important,3,traditional Chinese
2017-03-06,十九大+习近平+迫切地打造个人舞台,19th Party Congress + Xi Jinping + Eagerly Build His Personal Show,3,simplified Chinese
2017-03-06,习近平+不以为然+不想误导民众,Xi Jinping + Doesn't Take It Seriously + Don't Want To Mislead People,3,simplified Chinese
2017-03-06,習近平+不以爲然+不想誤導民衆,Xi Jinping + Doesn't Take It Seriously + Don't Want To Mislead People,3,traditional Chinese
2017-03-06,努力表演+习近平+显然并不买账,Try Playing Along + Xi Jinping + Clearly Does Not Care,3,simplified Chinese
2017-03-06,努力表演+習近平+顯然並不買賬,Try Playing Along + Xi Jinping + Clearly Does Not Care,3,traditional Chinese
2017-03-06,两会明星+宣传部门的批评+朝圣仪典,Celebrities at the Two Sessions + Criticized by Propaganda Department + Pilgrimage Ceremony,3,simplified Chinese
2017-03-06,兩會明星+宣傳部門的批評+朝聖儀典,Celebrities at the Two Sessions + Criticized by Propaganda Department + Pilgrimage Ceremony,3,simplified Chinese
2017-03-06,中国大陆在发展对台政策的过程中+BBC中文网+不予回应,Mainland China In the Process of Developing Its Taiwan Policy + BBC Chinese + No Response,3,simplified Chinese
2017-03-06,习近平第一个任期的成绩单,Track Record of Xi Jinping's First Term,1,simplified Chinese
2017-03-06,习近平+程序的承诺+支持者满怀信心,Xi Jinping + Pledges to (cut) Red Tape + Proponents Take Heart,3,simplified Chinese
2017-03-06,乐观情绪+信贷的规模+小变化+习近平,Optimism (has faded) + scale of (government-steered) lending + Small Changes + Xi Jinping,4,simplified Chinese
2017-03-06,习近平+臭名昭著的一孩政策+强迫堕胎,Xi Jinping + Notorious One-Chind Policy + Forced Abortions,3,simplified Chinese
2017-03-06,習近平+臭名昭著的一孩政策+強迫墮胎,Xi Jinping + Notorious One-Chind Policy + Forced Abortions,3,traditional Chinese
2017-03-06,习近平+经济改革+只是一纸空头支票,Xi Jinping + Economic Reforms + An Empty Cheque,3,simplified Chinese
2017-03-06,習近平+經濟改革+只是一紙空頭支票,Xi Jinping + Economic Reforms + An Empty Cheque,3,traditional Chinese
2017-03-06,习近平+口头上谈改革+紧紧抓住权力,Xi Jinping + Pay Lip Service to Reform + Tighten Grip on Power,3,simplified Chinese
2017-03-06,習近平+口頭上談改革+緊緊抓住權力,Xi Jinping + Pay Lip Service to Reform + Tighten Grip on Power,3,traditional Chinese
2017-03-06,并不掩饰+对习近平+没有付现的失望,Do Not Disguise + Towards Xi Jinping + Disappointment about Not Realizing (Reforms),3,simplified Chinese
2017-03-06,並不掩飾+對習近平+沒有付現的失望,Do Not Disguise + Towards Xi Jinping + Disappointment about Not Realizing (Reforms),3,traditional Chinese
2017-03-06,要倒回来+习近平+承诺的改革+面前退缩,Reversal of (Strides) + Xi Jinping + Promised Reforms + Flinch From (Harder Changes),4,simplified Chinese
2017-03-06,要倒回來+習近平+承諾的改革+面前退縮,Reversal of (Strides) + Xi Jinping + Promised Reforms + Flinch From (Harder Changes),4,traditional Chinese
2017-03-06,经济衰退+习近平+最大疑问+逃离中国,Steeper Economic Slowdown + Xi Jinping + Biggest Questions + (Capital) Leave China,4,simplified Chinese
2017-03-06,經濟衰退+習近平+最大疑問+逃離中國,Steeper Economic Slowdown + Xi Jinping + Biggest Questions + (Capital) Leave China,4,traditional Chinese
2017-03-06,习近平+债务上升+不会得到+变得更糟,Xi Jinping + Rising Debt + Will Not Be (Solved) + Get Worse,4,simplified Chinese
2017-03-06,習近平+債務上升+不會得到+變得更糟,Xi Jinping + Rising Debt + Will Not Be (Solved) + Get Worse,4,traditional Chinese
2017-03-06,习近平执政+亿万富翁+成为了立法者,Under the Rule of xi Jinping + Billionares + Became Lawmakers,3,simplified Chinese
2017-03-06,人大和政协+富有的成员+习近平上台,NPC and CPPCC + Wealthy Members + Xi jingping Took Power,3,simplified Chinese
2017-03-06,人大的代表+没有太大实权+交际的地方,Members of National People's Congress + Do Not Have A Lot of Power + A Place for Networking,3,simplified Chinese
2017-03-06,党开始欢迎+富人成员加入+增强权威性,Party Begins Welcoming + Rich Members Join + Strengthen Authorities,3,simplified Chinese
2017-03-07,中国制造+德新社援引+要排挤外国,Made In China + Deutsche Presse-Agentur + Single Out Foreign Countries,3,simplified Chinese
2017-03-07,中国政府+维稳+下岗工人+苦求生存,Chinese Govt + Maintain (Social) Stability + Laid-off Workers + Beg for Living,4,simplified Chinese
2017-03-07,中國政府+維穩+下崗工人+苦求生存,Chinese Govt + Maintain (Social) Stability + Laid-off Workers + Beg for Living,4,traditional Chinese
2017-03-07,罗富和+公开批评+网路审查制度,Luo Fuhe + Openly Criticized + Internet Censorship,3,simplified Chinese
2017-03-07,羅富和+公開批評+網路審查制度,Luo Fuhe + Openly Criticized + Internet Censorship,3,traditional Chinese
2017-03-07,罗富和+公开批评+严密的网路审查,Luo Fuhe + Openly Criticized + Internet Censorship,3,simplified Chinese
2017-03-07,羅富和+公開批評+嚴密的網路審查,Luo Fuhe + Openly Criticized + Internet Censorship,3,traditional Chinese
2017-03-07,不透明的+军费+北京要瞒,Non-transparent + Military Spending + Beijing Tries to Hide,3,simplified Chinese
2017-03-07,不透明的+軍費+北京要瞞,Non-transparent + Military Spending + Beijing Tries to Hide,3,traditional Chinese
2017-03-07,制裁韩国+北京+显得无能,Sanction South Korea + Beijing + Appears Impotent,3,simplified Chinese
2017-03-07,制裁韓國+北京+顯得無能,Sanction South Korea + Beijing + Appears Impotent,3,traditional Chinese
2017-03-07,部署萨德+反对一个中国+抗议的套路,Deploy THAAD + Oppose One-China (Policy) + (Chinese) Patterns of Protest,3,simplified Chinese
2017-03-07,独立候选人+遭到打压+北京,Independent Candidates + Faced with Crackdown + Beijing,3,simplified Chinese
2017-03-08,疫苗安全+公民提案+呼吁提升+政府应当尽早,Safety of Vaccines + Citizen Proposal + Adocate Upgrading (safety) + Govt Should Soon,4,simplified Chinese
2017-03-08,中共当局拘捕+传唤骚扰+示威者,CCP Authorities Arrested + Summon and Harrass + Protesters,3,simplified Chinese
2017-03-08,屠杀藏人,Murder Tibetans,1,simplified Chinese
2017-03-08,掌握在中央政府+非常不民主+中央内定的人选,Controlled by Central Govt + Very Not Democratic + Pre-picked by Central (Govt),3,simplified Chinese
2017-03-08,掌握在中央政府+非常不民主+中央內定的人選,Controlled by Central Govt + Very Not Democratic + Pre-picked by Central (Govt),3,traditional Chinese
2017-03-10,鲍彤+习近平+政治上他要求的集权,Bao Tong + Xi Jinping + The Centralized Political Power He Demanded ,3,simplified Chinese
2017-03-10,人权状况+人权报告+西藏,Human Rights Status + Human Rights Report + Tibet,3,simplified Chinese
2017-03-10,人權狀況+人權報告+西藏,Human Rights Status + Human Rights Report + Tibet,3,traditional Chinese
2017-03-10,压制+中国政府+达赖喇嘛,Restrain + Chinese Government + Dalai Lama,3,simplified Chinese
2017-03-10,同床异梦+习近平+一身的权力+乏善可陈,Sleep in the same bed but dream different dreams + Xi Jinping + All the Power (He) Holds + Have Nothing Good to Report,4,simplified Chinese
2017-03-10,萨德+入韩标志东北亚+形成冷战式敌对,THAAD + Deployed in Korea Signals Northeast Asia + Forms Cold War-style Adversary,3,simplified Chinese
2017-03-10,抵制乐天+政府操纵+早上恨美国,boycott LOTTE + Government Manipulation + In the mornings (we) hate America,3,simplified Chinese
2017-03-10,抵制樂天+政府操縱+早上恨美國,boycott LOTTE + Government Manipulation + In the mornings (we) hate America,3,traditional Chinese
2017-03-10,血洗中国+反恐维稳+中国当局,Shed Blood in China + Anti-Teorrism and Stability Maintenance + Chinese Authorities,3,simplified Chinese
2017-03-10,血洗中國+反恐維穩+中國當局,Shed Blood in China + Anti-Teorrism and Stability Maintenance + Chinese Authorities,3,traditional Chinese
2017-03-13,网络长城+屏蔽了政治敏感+全面解禁,Interent Great (Fire) Wall + Block Politically Sensitive + Lift the ban overall,3,simplified Chinese
2017-03-13,網絡長城+屏蔽了政治敏感+全面解禁,Interent Great (Fire) Wall + Block Politically Sensitive + Lift the ban overall,3,traditional Chinese
2017-03-13,天朝主义+中国专制极权+政治压力,Celestial Dynasty + China's Autocratic Totalitarianism + Political Pressure,3,simplified Chinese
2017-03-13,天朝主義+中國專制極權+政治壓力,Celestial Dynasty + China's Autocratic Totalitarianism + Political Pressure,3,traditional Chinese
2017-03-13,李平+香港新闻自由+天朝主义,Li Ping + Hong Kong's Press Freedom + Celestial Dynasty,3,simplified Chinese
2017-03-13,李平+香港新聞自由+天朝主義,Li Ping + Hong Kong's Press Freedom + Celestial Dynasty,3,traditional Chinese
2017-03-13,裙带资本+邓小平经济+专制模式,Crony Capital(ism) + Deng Xiaoping Economy + Authoritarian Model,3,simplified Chinese
2017-03-13,裙帶資本+鄧小平經濟+專制模式,Crony Capital(ism) + Deng Xiaoping Economy + Authoritarian Model,3,traditional Chinese
2017-03-13,首尔威胁+中共的报复+本来面目,Made Threats in Soeul + CCP's Retaliation + (Revealed) True Color,3,simplified Chinese
2017-03-13,做着中国梦+净捡软的捏+祖国让我恨谁,"Having ""Chinese Dream"" + Pick off the weak members of the herd + (I'd hate whomever that) My Motherland Makes Me Hate",3,simplified Chinese
2017-03-13,既得利益者+异议人士+两会拍手+中共,People With Vested Interest + Dissident + Clap for Two Sessions + CCP,4,simplified Chinese
2017-03-13,既得利益者+異議人士+兩會拍手+中共,People With Vested Interest + Dissident + Clap for Two Sessions + CCP,4,traditional Chinese
2017-03-13,李克强+公开信,Li Keqiang + Open Letter,2,simplified Chinese
2017-03-13,李克強+公開信,Li Keqiang + Open Letter,2,traditional Chinese
2017-03-13,梁振英的名牌+握手寒暄+香港民主派,Leung Chun-ying's Name Tag + Handshake And Greetings (With Xi Jinping) + Hong Kong Demoncrats,3,simplified Chinese
2017-03-13,两会的气氛+薄熙来倒台+对中共而言,Atmosphere of Two Sessions + Bo Xilai's Downfall + To CCP,3,traditional Chinese
2017-03-13,薄熙来路线+习近平+区别於邓江胡,"Bo Xilai's Route + Xi Jinping + Different from Deng (Xiaoping), Jiang (Zemin) and Hu (Jintao)",3,simplified Chinese
2017-03-13,薄熙來路線+習近平+區別於鄧江胡,"Bo Xilai's Route + Xi Jinping + Different from Deng (Xiaoping), Jiang (Zemin) and Hu (Jintao)",3,traditional Chinese
2017-03-13,中共的黑幕+政治独裁+雾霾和雷阳案,CCP's skeleton in the closet + Political Autocracy + Smog and The Case of Lei Yang,3,simplified Chinese
2017-03-13,中共的黑幕+政治獨裁+霧霾和雷陽案,CCP's skeleton in the closet + Political Autocracy + Smog and The Case of Lei Yang,3,traditional Chinese
2017-03-13,习近平+崇毛情结+搏取上位+高层内斗,Xi Jinping + Complex of Worshipping Mao (Zedong) + Climb Up Career Ladder  + Power Struggle within the Leadership,4,simplified Chinese
2017-03-13,習近平+崇毛情結+搏取上位+高層內鬥,Xi Jinping + Complex of Worshipping Mao (Zedong) + Climb Up Career Ladder  + Power Struggle within the Leadership,4,traditional Chinese
2017-03-13,薄熙来不垮台+保住身家+权力分配+习近平,Bo Xilai Weren't Overthrown + Keep their wealth + Power Distribution + Xi Jinping,4,simplified Chinese
2017-03-13,中共+权力斗争+政变,CCP + Power Struggle + Coup,3,simplified Chinese
2017-03-13,薄熙来倒台+习近平时代+搞权力斗争,Bo Xilai's downfall + Xi Jingping's Era + Power Play,3,simplified Chinese
2017-03-13,习薄斗争+尤其毛左派+遭到报复,Xi (Jinping) Bo (Xilai)'s Fight + Especially Mao Leftist + Face Retaliation,3,simplified Chinese
2017-03-13,集体自卫+中共一直利用+军事化辩护,Collective Self-Defense + CCP Has Been Exploiting + Defend Its Militarization (in South China Sea),3,simplified Chinese
2017-03-13,中共御用网络+习近平+袒护金家王朝,CCP's Special Internet (Commentator) + Xi Jinping + Shield the Kim Dynasty,3,simplified Chinese
2017-03-13,中国官方媒体+号召民众+抵制韩货+民众报复,China's State Media + Call for pelple + To Boycott Korean goods + Retaliated by people,4,simplified Chinese
2017-03-13,卜睿哲+习近平选择+朴槿惠等了很久,Richard Bush III (Said) + Xi Jinping Chose to + Let Park Geun-hye Wait Long,3,simplified Chinese
2017-03-13,卜睿哲+习近平的态度+形成鲜明对比,Richard Bush III (Said) + Xi Jinping's Attitude + Forms Sharp Contrast ,3,simplified Chinese
2017-03-14,毒害学生+培育民族仇恨+洗脑教育,Poison Students + Cultivate Nationalistic Hatred + Brainwashing Education,3,simplified Chinese
2017-03-14,毒害學生+培育民族仇恨+洗腦教育,Poison Students + Cultivate Nationalistic Hatred + Brainwashing Education,3,traditional Chinese
2017-03-14,郭文贵+爆料,Guo Wengui + Expose ,2,simplified Chinese
2017-03-14,郭文貴+爆料,Guo Wengui + Expose ,2,traditional Chinese
2017-03-14,郭文贵+专访,Guo Wengui + Interview ,2,simplified Chinese
2017-03-14,郭文贵+电视,Guo Wengui + Television ,2,simplified Chinese
2017-03-14,郭文贵+习近平,Guo Wengui + Xi Jinping,2,simplified Chinese
2017-03-14,郭文贵+吴征,Guo Wengui + Wu Zheng,2,simplified Chinese
2017-03-14,明镜+郭文贵,Mingjing (News) + Guo Wengui,2,simplified Chinese
2017-03-14,郭文贵+贺国强,Guo Wengui + He Guoqiang,2,simplified Chinese
2017-03-14,郭文貴+賀國強,Guo Wengui + He Guoqiang,2,traditional Chinese
2017-03-14,郭文贵+李源潮,Guo Wengui + Li Yuanchao,2,simplified Chinese
2017-03-14,郭文貴+李源潮,Guo Wengui + Li Yuanchao,2,traditional Chinese
2017-03-14,郭文贵+令计划,Guo Wengui + Ling Jihua,2,simplified Chinese
2017-03-14,郭文贵+中共,Guo Wengui + CCP,2,simplified Chinese
2017-03-14,两会是一场政治秀+政治斗争+习近平,Two Sessions Is A Political Show + Potical Struggle + Xi Jinping,3,simplified Chinese
2017-03-14,兩會是一場政治秀+政治鬥爭+習近平,Two Sessions Is A Political Show + Potical Struggle + Xi Jinping,3,traditional Chinese
2017-03-14,习近平+知识界的压制太狠+恶劣印象,Xi Jinping + Harsh Cracdown on Aacademia + Bad Impression,3,simplified Chinese
2017-03-14,習近平+知識界的壓制太狠+惡劣印象,Xi Jinping + Harsh Cracdown on Aacademia + Bad Impression,3,traditional Chinese
2017-03-14,习近平+压制言论+自己的政权带来巨大威胁,Xi Jinping + Suppress Expression + Bring Hugh Threats to His Own Regime,3,simplified Chinese
2017-03-14,習近平+壓制言論+自己的政權帶來巨大威脅,Xi Jinping + Suppress Expression + Bring Hugh Threats to His Own Regime,3,traditional Chinese
2017-03-14,李克強+辭職,Li Keqiang + Resign,2,traditional Chinese
2017-03-15,习近平+巩固自己的权力+技术官僚总理,Xi Jinping + Consolidate His Own Power + Technocrat Primer ,3,simplified Chinese
2017-03-15,習近平+鞏固自己的權力+技術官僚總理,Xi Jinping + Consolidate His Own Power + Technocrat Primer ,3,traditional Chinese
2017-03-15,习近平+按照自己的设想+没有实权的虚位,Xi Jinping + Follow his own visions + A Position without Real Power,3,simplified Chinese
2017-03-15,習近平+按照自己的設想+沒有實權的虛位,Xi Jinping + Follow his own visions + A Position without Real Power,3,traditional Chinese
2017-03-15,接替李克强+习近平的亲信+中共,Replace Li Keqiang + Xi Jinping's Trusted Aide + CCP,3,simplified Chinese
2017-03-15,接替李克強+習近平的親信+中共,Replace Li Keqiang + Xi Jinping's Trusted Aide + CCP,3,traditional Chinese
2017-03-20,没有制定民法典+德国之声+从摇篮到坟墓,Hasn't Made Civil Code + Desutsche Welle + From Cradles to Grave ,3,simplified Chinese
2017-03-20,沒有制定民法典+德國之聲+從搖籃到墳墓,Hasn't Made Civil Code + Desutsche Welle + From Cradles to Grave ,3,traditional Chinese
2017-03-20,批评指向+一把手习近平+雏形基本,Criticism is directed at + Head (or the Party) Xi Jinping + Embroynic Form (of Economic reforms) ,3,simplified Chinese
2017-03-20,批評指向+一把手習近平+雛形基本,Criticism is directed at + Head (or the Party) Xi Jinping + Embroynic Form (of Economic reforms) ,3,traditional Chinese
2017-03-20,迅速倒退+习近平难保+政权还能坐得稳,Go Backwards Quickly + Xi Jinping cannot guarantee + Regime is stable (no more),3,simplified Chinese
2017-03-20,德国之声+要求北京对朝鲜+中国大为不满,Deutsche Welle + (Washington) Demands Beijing to (Curb) North Korea + China Is Discontent,3,simplified Chinese
2017-03-20,德國之聲+要求北京對朝鮮+中國大爲不滿,Deutsche Welle + (Washington) Demands Beijing to (Curb) North Korea + China Is Discontent,3,traditional Chinese
2017-03-20,北京试图在台湾+制造混乱+共谍渗透国防,Beijing Tries to In Taiwan + Create Chaos + Communist Spy Infiltrates National Defence ,3,simplified Chinese
2017-03-20,中共党魁+江泽民,CCP Party Leader + Jiang Zemin,2,simplified Chinese
2017-03-27,习特勒 ,Xitler,1,simplified Chinese
2017-03-27,两会+习近平+政治斗争 ,Two Sessions + Xi Jinping + Politial Struggle,3,simplified Chinese
2017-03-27,口头上谈改革+紧紧抓住权力+习近平,Talked about Reform + Grips on Power + Xi Jinping,3,simplified Chinese
2017-03-27,周强+习近平+团派 ,Zhou Qiang + Xi Jinping + Tuan Pai,3,simplified Chinese
2017-03-27,逃离中国+经济衰退+最大疑问+习近平,Flee China + Economic Slowdown + biggest questions + Xi Jinping,4,simplified Chinese
2017-03-27,郭+贺国强,Guo (Wengui? Shuqing?) + He Guoqiang,2,simplified Chinese
2017-03-27,江绵恒+纪委,Jiang Mianheng + Party Discipline and Inspection Committee,2,simplified Chinese
2017-03-27,习家军+大权独揽+十九大,Xi's Army + Hold All Power + 19th Party Congress,3,simplified Chinese
2017-03-27,郭+李源潮,Guo (Wengui?) + Li Yuanchao,2,simplified Chinese
2017-03-27,中間道路+達賴喇嘛,Middle Way + Dalai Lama,2,traditional Chinese
2017-03-27,習特勒 ,Xitler,1,traditional Chinese
2017-03-27,杀习大大,Kill Uncle Xi,1,simplified Chinese
2017-03-27,殺習大大 ,Kill Uncle Xi,1,traditional Chinese
2017-03-27,十九大+王岐山+总理 ,19th Party Congress + Wang Qishan + Premier,3,simplified Chinese
2017-03-27,曾庆红+江系+清理,Zeng Qinghong + Jiang Clinque + Clean Up ,3,simplified Chinese
2017-03-27,总理+公开信,Premier + Open Letter,2,simplified Chinese
2017-03-27,抓捕+江澤民,Arrest + Jiang Zemin,2,simplified Chinese
2017-03-27,趙紫陽+鄧小平+鎮壓學生,Zhao Ziyang + Deng Xiaoping + Suppress Student,3,traditional Chinese
2017-03-27,被抓+曾慶紅,Arrested + Zeng Qinghong,2,traditional Chinese
2017-03-27,總理+公開信,Premier + Open Letter,2,traditional Chinese
2017-03-27,王宇律师+撬门,Lawyer Wang Yu + Break In ,2,simplified Chinese
2017-03-27,团派+十九大+江派 ,Tuan Pai + 19th Party Congress + Jiang Clinque,3,simplified Chinese
2017-03-27,དུས་དབང+གོང་ས་༸ ,,2,Tibetan
2017-03-27,薄熙来不垮+政敌+李克强,Bo Xilai Doesn't Fall + Political Enemy + Li Keqiang,3,simplified Chinese
2017-03-27,支持香港+占领中环 ,Support Hong Kong + Occupy Central,2,simplified Chinese
2017-03-28,江派+上海帮+太子党 ,Jiang Clinque + Shanghai Clique + Princelings,3,simplified Chinese
2017-03-28,政治斗争+习包子,Political Struggle + Xi Bun,2,simplified Chinese
2017-03-28,郭+賀國強 ,Guo + He Guoqiang,2,traditional Chinese
2017-03-28,被删除+江绵恒+谭晶,Deleted + Jiang Mianheng + Tan Jing,3,simplified Chinese
2017-03-28,郭+明镜,Guo (Wengui) + Ming Jing (News),2,simplified Chinese
2017-03-28,温家宝+政变+江派 ,Wen Jiabao + Coup + Jiang Clinque,3,simplified Chinese
2017-03-28,薄熙来+李克强+政敌 ,Bo Xilai + Li Keqiang + Political Enemy ,3,simplified Chinese
2017-03-28,胡锦涛+权力+被架空,Hu Jintao + Power + fallen into the hands of others,3,simplified Chinese
2017-03-28,江澤民+迫害+控告,Jiang Zemin + Torture + Accuse ,3,traditional Chinese
2017-03-28,学潮+镇压学生+赵紫阳,Student Movement + Crackdown on Students + Zhao Ziyang,3,simplified Chinese
2017-03-28,毛泽东+大权独揽+屠杀,Mao Zedong + All Power In Hands + Murder,3,simplified Chinese
2017-03-28,李鹏+大老虎+温家宝,Li Peng + Big Tiger + Wen Jiabao,3,simplified Chinese
2017-03-28,赵紫阳+披露+邓小平 ,Zhao Ziyang + Expose + Deng Xiaoping,3,simplified Chinese
2017-03-28,戒严部队+天安门广场+学潮 ,Martial Law Troup + Tiananmen Square + Student Movement,3,simplified Chinese
2017-03-28,坦克+王维林+天安门 ,Tank + Wang Weilin + Tiananmen,3,simplified Chinese
2017-03-28,令计划+调查+芮成钢,Ling Jihua + Investigate + Rui Chenggang,3,simplified Chinese
2017-03-28,文革+红军+镇压+德国之声,Culture Revolution + Red Army + Crackdown  + Deutsche Welle,4,simplified Chinese
2017-03-28,江家帮+上海帮+太子党,Jiang Family Clique + Shanghai Clique + Princelings,3,simplified Chinese
2017-03-28,戒严+赵紫阳+遭到+软禁 ,Martial Law + Zhao Ziyang + Faced Wtih + House Arrest,4,simplified Chinese
2017-03-28,人權律師+酷刑+打壓+中國政府,Human Rights Lawyer + Torture + Crackdown + Chinese Govt,4,traditional Chinese
2017-03-28,习包子+铜锣湾书店 ,Xi Bun + Causeway Bay Bookstore,2,simplified Chinese
2017-03-28,引咎辭職+敦請周強院長+谨以公民身份,Resign for wrongdoings + Urge Chief Justice Zhou Qiang + As A Citizen,3,traditional Chinese
2017-03-28,中共當局+政治犯+藏人,CCP Authorities + Political Criminal + Tibetan,3,traditional Chinese
2017-03-28,李源潮+上海幫+團派,Li Yuanchao + Shanghai Clinque + Tuan Pai ,3,traditional Chinese
2017-03-28,李源潮+上海帮+团派,Li Yuanchao + Shanghai Clinque + Tuan Pai ,3,simplified Chinese
2017-03-28,胡錦濤+江派,Hu Jintao + Jiang Clinque,2,traditional Chinese
2017-03-28,胡锦涛+江派,Hu Jintao + Jiang Clinque,2,simplified Chinese
2017-03-28,李克强+十九大+习家军,Li Keqiang + 19th Party Congress + Xi's Army ,3,simplified Chinese
2017-03-28,王岐山+總理+十九大,Wang Qishan + Premier + 19th Party Congress,3,traditional Chinese
2017-03-28,胡锦涛+曾庆红+被抓,Hu JIntao + Zeng Qinghong + Arrested,3,simplified Chinese
2017-03-28,胡錦濤+曾慶紅+被抓,Hu JIntao + Zeng Qinghong + Arrested,3,traditional Chinese
2017-03-28,黄奇帆+国务院秘书长+联合早报,Huang Qifan + State Council Secretary + Lianhe Zaobao,3,simplified Chinese
2017-03-28,胡春华+失势+团派,Hu Chunhua + Lose Power + Tuan Pai,3,simplified Chinese
2017-03-28,喊冤+周永康+政变 ,Express Mistreatment + Zhou Yongkang + coup,3,simplified Chinese
2017-03-28,權力+被架空+胡錦濤,Power + Falled into Others' Hands + Hu Jintao,3,traditional Chinese
2017-03-28,曾庆红+令计划+江派,Zeng Qinghong + Ling Jihua + Jiang Clinque,3,simplified Chinese
2017-03-28,屠杀+藏人 ,Murder + Tibetan,2,simplified Chinese
2017-03-28,曾慶紅+中共權鬥,Zeng Qinghong + CCP Power Struggle,2,traditional Chinese
2017-03-28,曾庆红+中共权斗,Zeng Qinghong + CCP Power Struggle,2,simplified Chinese
2017-03-29,包子+中国梦+大撒币,(Xi) Bun + China Dream + Stupidity ,3,simplified Chinese
2017-03-29,高瑜+普世价值+七不讲+泄露,Gao Yu + Universal Values + Seven Don'ts + Leak,4,simplified Chinese
2017-03-29,团派+落马+胡锦涛,Tuan Pai + Sacked + Hu Jintao,3,simplified Chinese
2017-03-29,推翻共产党+颜色革命+港独,Overthrown CPC + Color Revolution + HK Independence,3,simplified Chinese
2017-03-29,包子+宽衣+大撒币,Xi (Bun) + Loosen Clothes + Stupidity ,3,simplified Chinese
2017-03-29,迫害+洗脑+邪党+暴政,Witch Hunt + Brainwash + Evil Party + Totalitarian,4,simplified Chinese
2017-03-29,七上八下+中共+十九大,7(0) Up & 8(0) Down + CPC + 19th Party Congress,3,simplified Chinese
2017-03-29,中共+1989+屠杀+专制,CPC + 1989 + Murder + Autocracy,4,simplified Chinese
2017-03-29,གོང་ས+དུས་དབང ,,2,Tibetan
2017-03-29,李鹏+天安门+戒严+绝食,Li Peng + Tiananmen + Martial Law + Hunger Strike,4,simplified Chinese
2017-03-29,中共当局+迫害+秦永敏 ,CCP Authorities + With Hunt + Qin Yongmin,3,simplified Chinese
2017-03-29,屠杀+中共专制+1989,Murder + CCP Authoritarian (regime) + 1989,3,simplified Chinese
2017-03-29,中共+一党独裁+洗脑 ,CCP + One-Party Autocracy + Brainwash,3,simplified Chinese
2017-03-29,云南省长+宽衣+镇越铁路 ,Leader of Yunnan Province + Loosen your clothes + Zhen Yue Railway,3,simplified Chinese
2017-03-29,王岐山+江系+曾庆红+调查+架空,Wang Qishan + Jiang Clique + Zeng Qinghong + Investigate + Take Away Power,5,simplified Chinese
2017-03-29,江派+太子黨+團派 ,Jiang Clique + Princeling + Tuan Pai,3,traditional Chinese
2017-03-29,打压+人权律师+中国政府+酷刑,Crackdown + Human Rights Lawyers + Chinese Govt + Torture,4,simplified Chinese
2017-03-29,打壓+人權律師+中國政府+酷刑,Crackdown + Human Rights Lawyers + Chinese Govt + Torture,4,traditional Chinese
2017-03-30,中间道路+达赖喇嘛 ,Middle Way + Dalai Lama,2,simplified Chinese
2017-03-30,中間道路+達賴喇嘛 ,Middle Way + Dalai Lama,2,traditional Chinese
2017-03-30,王岐山留+七上八下+江系,Wang Qishan Stays + 7(0) Up 8(0) Down + Jiang Clique,3,simplified Chinese
2017-03-30,爆料+郭,Expose + Guo (Wengui),2,simplified Chinese
2017-03-30,薄熙来+江派+清洗 ,Bo Xilai + Jiang Clique + Cleanse ,3,simplified Chinese
2017-03-30,Xi+Jianhua+corruption+abducted,,4,English
2017-03-30,镇压学生+军队+李鹏,Crackdown on Student + Army + Li Peng,3,simplified Chinese
2017-03-30,太子黨+江澤民+暗殺,Princeling + Jiang Zemin + Assassinate ,3,traditional Chinese
2017-03-30,政敌+王岐山+取代李克强,Political Enemy + Wang Qishan + Replace Li Keqiang,3,simplified Chinese
2017-03-30,周永康+亲信+江泽民+反腐,Zhou Yongkang + Trusted Aide + Jiang Zemin + Anti-corruption,4,simplified Chinese
2017-03-30,天安门广场+绝食+赵紫阳+戒严,Tiananmen Square + Hunger Strike + Zhao Ziyang + Martial Law,4,simplified Chinese
2017-03-30,港独+颜色革命+推翻共产党,HK Independence + Color Revolution + Overthrow CPC,3,simplified Chinese
2017-03-30,强迫性的残害+中国政府+节育器,Forced Torture + Chinese Govt + IUD,3,simplified Chinese
2017-03-30,令计划+亲信+胡锦涛,Ling Jihua + Trusted Aide + Hu Jintao ,3,simplified Chinese
2017-03-30,高层公开+习包子+斗争,High-level leadership publicize + Xi Bun + Fight,3,simplified Chinese
2017-03-30,团派+江系+邓小平,Tuan Pai + Jiang Clique + Deng Xiaoping,3,simplified Chinese
2017-03-30,下台+张德江+清洗+江派 ,Resign + Zhang Dejiang + Cleanse + Jiang Clique,4,simplified Chinese
2017-03-30,洗脑+89民运+独裁统治 ,Brainwash + 89 Democracy Movement + Autoritarianism,3,simplified Chinese
2017-03-30,温家宝家族财富+中共高层,Wen Jiabao's family wealth + CCP High-lever Leader,2,simplified Chinese
2017-03-30,团派+李源潮+太子党 ,Tuan Pai + Li Yuanchao + Princeling,3,simplified Chinese
2017-03-30,政治斗争+令计划+中共高层,Political Fight + Ling Jihua + CPC High-level Leader,3,simplified Chinese
2017-03-30,习家军+红二代+王建平,Xi's Army + Second Red Generation + Wang Jianping,3,simplified Chinese
2017-03-30,習家軍+紅二代+王建平,Xi's Army + Second Red Generation + Wang Jianping,3,traditional Chinese
2017-03-30,周强下台+法学界人士+联名要求,Zhou Qiang Resigns + Law Professional + Co-signatory ,3,simplified Chinese
2017-03-30,牺牲品+权斗+中共高层 ,Sacrifice + Power Struggle + CPC High-level Leader,3,simplified Chinese
2017-03-30,中共+武力镇压+1989年 ,CPC + Military crackdown + 1989 Year,3,simplified Chinese
2017-03-30,破灭中共,Destory CPC,1,simplified Chinese
2017-03-30,习李+内斗+曝光,Xi (Jinping) Li (Keqiang) + Inner Struggle + Expose,3,simplified Chinese
2017-03-30,赵紫阳+镇压学生+邓小平,Zhao Ziyang + Crackdown on Students + Deng Xiaoping,3,simplified Chinese
2017-03-30,趙紫陽+鎮壓學生+鄧小平,Zhao Ziyang + Crackdown on Students + Deng Xiaoping,3,traditional Chinese
2017-03-31,专制独裁+毛粉+毛泽东发动 ,Authoritarian + Mao's Follower + Mao Zedong Launched,3,simplified Chinese
2017-03-31,专制独裁+新闻自由+毛泽东 ,Authoritarian + Freedom of Press + Mao Zedong,3,simplified Chinese
2017-03-31,政变+大老虎+江泽民 ,Coup + Big Tiger + Jiang Zemin,3,simplified Chinese
2017-03-31,亲信+江系+江泽民,Trusted Aide + Jiang Clique + Jiang Zemin,3,simplified Chinese
2017-03-31,梁小军+刘晓波+煽动颠覆,Liang Xiaojun + Liu Xiaobo + Incite Subversion,3,simplified Chinese
2017-03-31,批评政府+梁小军+权平,Criticize Govt + Liang Xiaojun + Kwon Pyong,3,simplified Chinese
2017-03-31,共产党腐败,CPC Corruption,1,simplified Chinese
2017-03-31,退团+退队+退党,Quit the League + Quit The Young Pioneers + Quit the Party,3,simplified Chinese
2017-03-31,团派+红二代+曾庆红,Tuanpai + Second Red Generation + Zeng Qinghong,3,simplified Chinese
2017-03-31,1989年+镇压学生,1989 Year + Crackdown on Student,2,simplified Chinese
2017-03-31,文革+德国之声+镇压,Culture Revolution + Deustche Welle + Crackdown,3,simplified Chinese
2017-03-31,贪腐+李源潮+团派,Corruption + Li Yuanchao + Tuan Pai,3,simplified Chinese
2017-03-31,疯狂维稳+剥夺+体制外,Crazily Maintain Stability + Strip off + Outside the system,3,simplified Chinese
2017-03-31,郭文贵+家族,Guo Wengui + Family ,2,simplified Chinese