Date Tested,Keyword,Translation,Theme,Category,Keyword Type ,Language,Note,Reference,
07/2016,退出中共,Quit CPC,Political,Tuidang,phrase,simplified Chinese,"Reference to the Tuidang Movement, a Chinese dissident phenomenon that is critical of the CPC and urges members to quit the party",https://en.wikipedia.org/wiki/Tuidang_movement,
07/2016,中革中央,Chinese (Proletariat) Revolution Central (Committee),Political,CPC criticism,phrase,simplified Chinese,"Civil society group that advocate against the current regime, claiming it is a ""capitalist government""",http://zgzy.longluntan.tw/,
07/2016,共产党下台,Down with CPC,Political,CPC criticism,phrase,simplified Chinese,Keyword was also found on Chinese portal site NetEase internal censorship list that was leaked in 2008,https://chinadigitaltimes.net/space/%E5%85%B1%E4%BA%A7%E5%85%9A%E4%B8%8B%E5%8F%B0,
07/2016,突破中共,Break Through CPC,Political,CPC criticism,phrase,simplified Chinese,A phrase often used by those critical of the CPC,,
07/2016,废除中共,Repeal CPC,Political,CPC criticism,phrase,simplified Chinese,A phrase often used by those critical of the CPC,,
07/2016,打倒中共,Down with CPC,Political,CPC criticism,phrase,simplified Chinese,Keyword was also found on Chinese portal site NetEase internal censorship list that was leaked in 2008,https://chinadigitaltimes.net/space/%E6%89%93%E5%80%92%E4%B8%AD%E5%85%B1,
07/2016,打倒共产党,Down with the Communist Party,Political,CPC criticism,phrase,simplified Chinese,Keyword was also found on Chinese portal site NetEase internal censorship list that was leaked in 2008,https://chinadigitaltimes.net/space/%E6%89%93%E5%80%92%E5%85%B1%E4%BA%A7%E5%85%9A,
07/2016,推翻中共,Overthrow CPC,Political,CPC criticism,phrase,simplified Chinese,Keyword was also found on Chinese portal site NetEase internal censorship list that was leaked in 2008,https://chinadigitaltimes.net/space/%E6%8E%A8%E7%BF%BB%E4%B8%AD%E5%85%B1,
07/2016,灭中共,Destory CPC,Political,CPC criticism,phrase,simplified Chinese,A phrase often used by those critical of the CPC,,
07/2016,胡温暴政,Hu (Jintao) Wen (Jiabao) Tyranny,People,Gov official,phrase,simplified Chinese,Keyword was also found on Chinese portal site NetEase internal censorship list that was leaked in 2008,http://chinadigitaltimes.net/space/%E8%83%A1%E6%B8%A9%E6%9A%B4%E6%94%BF,
07/2016,推翻中国共产党,Overthrow Chinese Communist Party,Political,CPC criticism,phrase,simplified Chinese,Keyword was also found on Chinese portal site NetEase internal censorship list that was leaked in 2008,https://chinadigitaltimes.net/space/%E6%8E%A8%E7%BF%BB%E4%B8%AD%E5%9B%BD%E5%85%B1%E4%BA%A7%E5%85%9A,
07/2016,活摘器官,Live Organ Harvesting ,Political,Falun gong,phrase,simplified Chinese,Reference to the accusations of the CPC harvesting organs from Falun Gong practitioners and other political prisoners in China,,
07/2016,大法弟子,Dafa Deciple,Political,Falun gong,phrase,simplified Chinese,Reference to Falun Gong practitioners,,
07/2016,退党 大潮,Quit Party Wave,Political,Tuidang,combo,simplified Chinese,"Reference to the Tuidang Movement, which criticizes the CPC and urges members to quit the party.",https://en.wikipedia.org/wiki/Tuidang_movement,
07/2016,揭露中共,Reveal CPC,Political,Tuidang,phrase,simplified Chinese,A phrase or commonly used by Falun Gong groups to criticize the CCP and advocate the Tuidang Movement,http://www.ntdtv.com/xtr/gb/articlelistbytag_%E6%8F%AD%E9%9C%B2%E4%B8%AD%E5%85%B1.html,
07/2016,摆脱中共附体,Get Rid Of CPC Possession,Political,Tuidang,phrase,simplified Chinese,"A phrase written in the Nine Commentaries on the Communist Party by The Epoch Times, a Falun Gong-sponsored news media group",https://books.google.ca/books?id=3ON_BgAAQBAJ&pg=PA10&lpg=PA10&dq=%E6%91%86%E8%84%B1%E4%B8%AD%E5%85%B1%E9%99%84%E4%BD%93&source=bl&ots=qxe1V2-NJw&sig=O6ykXaqO9X4B5L85B4vrb-zqe_s&hl=en&sa=X&ved=0ahUKEwipq8HcotrOAhXLlB4KHYC5AIcQ6AEILTAC#v=onepage&q=%E6%91%86%E8%84%B1%E4%B8%AD%E5%85%B1%E9%99%84%E4%BD%93&f=false,
07/2016,法lun功,Falun Gong,Political,Falun gong,phrase,simplified Chinese,Mixture of Chinese characters and pinyin of Falun Gong,,
07/2016,法輪功,Falun Gong,Political,Falun gong,phrase,traditional Chinese,A Chinese spiritual practice that combines meditation and qigong exercises which has been suppressed by the Chinese government.,,
07/2016,法輪大法,Falun Dafa,Political,Falun gong,phrase,traditional Chinese,A Chinese spiritual practice that combines meditation and qigong exercises which has been suppressed by the Chinese government.,,
07/2016,退党 退团 退队,Quit (Communist) Party Quit (Youth) League Quit (Young Pioneers) Team,Political,Tuidang,combo,simplified Chinese,"Reference to the Tuidang Movement, a Chinese dissident phenomenon that is critical of the CPC and urges members to quit the party",,
07/2016,九評共產黨,Nine Commentaries on the Communist Party,Political,Tuidang,phrase,traditional Chinese,"Reference to a series of editorials criticizing the CCP, first published in 2004 by The Epoch Times, a Falun Gong-affiliated news group",,
07/2016,退黨 大潮,Quit Party Wave,Political,Tuidang,combo,traditional Chinese,"Reference to the Tuidang Movement, a Chinese dissident phenomenon that is critical of the CPC and urges members to quit the party",,
07/2016,邪党 九评,Evil Party Nine Commentaries,Political,Tuidang,combo,simplified Chinese,"Reference to a series of editorials criticizing the CCP, first published in 2004 by The Epoch Times, a Falun Gong-affiliated news group",,
07/2016,9评共产党,Nine Commentaries on the Communist Party,Political,Tuidang,phrase,simplified Chinese,"Reference to a series of editorials criticizing the CCP, first published in 2004 by The Epoch Times, a Falun Gong-affiliated news group",http://www.ninecommentaries.com/english/,
07/2016,九评共产党,Nine Commentaries on the Communist Party,Political,Tuidang,phrase,simplified Chinese,"Reference to a series of editorials criticizing the CCP, first published in 2004 by The Epoch Times, a Falun Gong-affiliated news group",http://www.ninecommentaries.com/english/,
07/2016,法轮功,Falun Gong,Political,Falun gong,phrase,simplified Chinese,A Chinese spiritual practice that combines meditation and qigong exercises which has been suppressed by the Chinese government.,,
07/2016,法轮大法,Falun Dafa,Political,Falun gong,phrase,simplified Chinese,Another name of Falun Gong,,
07/2016,零八宪章,Charter 08,Political,Charter 08,phrase,simplified Chinese,"Reference to the manifesto initially signed by over 350 Chinese intellectuals and human rights activists in 2008, demanding political reforms in China.",,
07/2016,茉莉花革命,Jasmine Revolution,Event,Jasmine Revolution,phrase,simplified Chinese,The name initially came from the Tunisian revolution in 2010 and was adopted by Chinese activists for their own pro-democracy protests in 2011.,https://en.wikipedia.org/wiki/2011_Chinese_pro-democracy_protests,
07/2016,08宪章,Charter 08,Political,Charter 08,phrase,simplified Chinese,"Reference to the manifesto initially signed by over 350 Chinese intellectuals and human rights activists in 2008, demanding political reforms in China.",,
07/2016,大纪元,Epoch Times,Political,Media ,phrase,simplified Chinese,Reference to the multi-language news media founded in 2000 by John Tang and a group of Chinese-American Falun Gong practitioners,,
07/2016,多维新闻,Duowei News,Political,Media ,phrase,simplified Chinese,Reference to a New York-based Chinese language news website that is blocked in China. It used to be a political dissident news media but has become milder on Chinese politics since it's bought by a Hong Kong businessman,,http://www.dwnews.com/
07/2016,大紀元,Epoch Times,Political,Media ,phrase,traditional Chinese,Reference to the multi-language news media founded in 2000 by John Tang and a group of Chinese-American Falun Gong practitioners,traditional Chinese,
07/2016,自由亚洲电台,Radio Free Asia,Political,Media ,phrase,simplified Chinese,Nonprofit international broadcasting agency of the US government that targets audiences in East Asia.,https://zh.wikipedia.org/wiki/%E8%87%AA%E7%94%B1%E4%BA%9A%E6%B4%B2%E7%94%B5%E5%8F%B0,
07/2016,习禁评,Used (to) Banning Comment,People,Gov official,phrase,simplified Chinese,"Homonym and nickname of Xi Jinping created by Chinese Internet users, meaning they are ""used to comments being banned""",http://ca.ntdtv.com/xtr/gb/2012/04/04/a682072.html.-%E3%80%9D%E4%B9%A0%E7%A6%81%E8%AF%84%E3%80%9E%E6%88%90%E6%95%8F%E6%84%9F%E8%AF%8D-%E3%80%9D%E8%96%84%E7%86%99%E6%9D%A5%E3%80%9E%E3%80%9D%E7%8E%8B%E7%AB%8B%E5%86%9B%E3%80%9E%E8%A7%A3%E7%A6%81.html,
07/2016,习包子 习特勒,Steam Bun Xi Xi-tler,People,Gov official,combo,simplified Chinese,"Pejorative nicknames for Chinese President Xi Jinping. 1) In 2013, President Xi dined at a Beijing chain restaurant that serves up steamed buns, which some consider a ""political show"" 2) A Chinese artist created an image of Chinese President Xi Jinping with a crinkled face and a moustache. Chinese netizens compare the joke picture of Xi to Saddam Hussein and Adolf Hitler, hence the codes ""习特勒"" (xí tèlè, literally ""Xi-tler"").",https://chinadigitaltimes.net/space/Steamed_Bun_Xi,
07/2016,周永康 自辩书,Zhou Yongkang Self-defense Letter,Event,Zhou Yongkang Sentence,combo,simplified Chinese,"Reference to a letter allegedly written by China's former security czar Zhou Yongkang while in prison, which defends himself and Bo Xilai against the political coup charge",http://www.epochtimes.com/gb/15/1/24/n4350012.htm,
07/2016,我的最后陈述 薄熙来,My Last Statement Bo Xilai,Event,Bo Xilai Scandal,combo,simplified Chinese,"Reference to Bo Xilai's speech when he wask asked to give his ""final statement"" at trial",http://www.bbc.com/zhongwen/simp/china/2013/08/130826_china_bo_trial_wrap,
07/2016,曾伟 曾庆红,Zeng Wei Zeng Qinghong,People,Gov official,combo,traditional Chinese,Zeng Wei is China's former Vice-President Zeng Qinghong's son who ran business in China's oil and many other industries for a long time and faces a number of corruption accusations. Zeng Wei now resides in Australia.,https://zh.wikipedia.org/wiki/%E6%9B%BE%E4%BC%9F_(%E6%9B%BE%E5%BA%86%E7%BA%A2%E4%B9%8B%E5%AD%90),
07/2016,江泽民 去世,Jiang Zemin Pass Away,People,Gov official,combo,simplified Chinese,"In September 2011, Hong Kong-based Asia Television mistakenly reported that former Chinese President Jiang Zemin had died.",http://www.bbc.com/news/world-asia-pacific-14800253,
07/2016,江泽民 死了,Jiang Zemin Died,People,Gov official,combo,simplified Chinese,"In September 2011, Hong Kong-based Asia Television mistakenly reported that former Chinese President Jiang Zemin had died.",http://www.bbc.com/news/world-asia-pacific-14800253,
07/2016,江主席 去世,President Jiang Pass Away,People,Gov official,combo,simplified Chinese,"In September 2011, Hong Kong-based Asia Television mistakenly reported that former Chinese President Jiang Zemin had died.",http://www.bbc.com/news/world-asia-pacific-14800253,
07/2016,江主席 死,Jiang Zemin Die,People,Gov official,combo,simplified Chinese,"In September 2011, Hong Kong-based Asia Television mistakenly reported that former Chinese President Jiang Zemin had died.",http://www.bbc.com/news/world-asia-pacific-14800253,
07/2016,江泽民其人,Jiang Zemin the Person,People,Gov official,phrase,simplified Chinese,"Name of a book, comics, and a documentary produced by Falun Gong-related groups",http://www.bannedbook.net/forum2/topic5.html,
07/2016,江泽民病逝,Jiang Zemin Die Of Illness,People,Gov official,phrase,simplified Chinese,"In September 2011, Hong Kong-based Asia Television mistakenly reported that former Chinese President Jiang Zemin had died.",http://www.bbc.com/news/world-asia-pacific-14800253,
07/2016,江蛤蟆,Jiang Toad,People,Gov official,phrase,simplified Chinese,A nick name Chinese Internet users gave to Chinese former President Jiang Zemin based on his appearance,http://www.cnn.com/2014/08/01/world/asia/toad-jiang-zemin/,
07/2016,習包子 習特勒,Xi Bun Xi-tler,People,Gov official,combo,traditional Chinese,"Pejorative nicknames for Chinese President Xi Jinping. 1) In 2013, President Xi dined at a Beijing chain restaurant that serves up steamed buns, which some consider a ""political show"" 2) A Chinese artist created an image of Chinese President Xi Jinping with a crinkled face and a moustache. Chinese netizens compare the joke picture of Xi to Saddam Hussein and Adolf Hitler, hence the codes ""习特勒"" (xí tèlè, literally ""Xi-tler"").",https://chinadigitaltimes.net/space/Steamed_Bun_Xi,
07/2016,江澤民 死了,Jiang Zemin Died,People,Gov official,combo,traditional Chinese,"In September 2011, Hong Kong-based Asia Television mistakenly reported that former Chinese President Jiang Zemin had died.",,
07/2016,江澤民其人,Jiang Zemin the Person,People,Gov official,phrase,traditional Chinese,"Name of a book, comics, and a documentary produced by Falun Gong-related groups",http://www.bannedbook.net/forum2/topic5.html,
07/2016,习近平阵营 江派,Xi Jinping Camp Jiang Clique,People,Gov official,combo,simplified Chinese,"Reference to two alleged camps within the CCP, one led by current Chinese President Xi Jinping and the other by former President Jiang Zemin",,
07/2016,十九大争夺战,19th Party Congress Power Fight,Political,Banned book,phrase,simplified Chinese,Reference to the title of a book on China's party politics published in Hong Kong,http://www.staritebook.com/root/Book.asp?ID=2161,
07/2016,彭麻麻 暗斗宋贵妃,Peng Mama Secretly Fight Song Imperial Concubine,Political,Banned book,combo,simplified Chinese,"Reference to a banned political tabloid book published in HK and sold in Causeway Bay Bookstore. ""Peng Mama"" is a nickname for Peng Liyuan, Chinese President Xi Jinping's wife and ""Song Imperial Concubine"" refers to Song Zuying, a Chinese female singer who allegedly had a relationship with former President Jiang Zemin.",http://cwbbooks.com/products.php?product=%E3%80%8A%E5%BD%AD%E9%BA%BB%E9%BA%BB%E6%9A%97%E9%AC%A5%E5%AE%8B%E8%B2%B4%E5%A6%83%E3%80%8B,
07/2016,老江 气杀习大大,Old Jiang More Fierce Than Uncle Xi,Political,Banned book,combo,simplified Chinese,"Reference to a banned political tabloid book published in HK and sold in Causeway Bay Bookstore. ""Old Jiang"" refers to former Chinese President Jiang Zemin and ""Xi Dada"" is a nickname for current President Xi Jinping. There has been an alleged struggle over power between Jiang and Xi.",http://cwbbooks.com/products.php?product=%E3%80%8A%E8%80%81%E6%B1%9F%E6%B0%A3%E6%AE%BA%E7%BF%92%E5%A4%A7%E5%A4%A7%E3%80%8B,
07/2016,韩正 取代李克强,Han Zheng Took Over Li Keqiang,People,Gov official,combo,simplified Chinese,"Reference to the rumor that Chinese President Xi Jinping plans to replace Premier Li Keqiang with Han Zheng, the Communist Party Secretary of Shanghai who is a close ally to Xi",http://www.worldjournal.com/3784905/article-%E7%BF%92%E6%9D%8E%E5%88%86%E6%AD%A7%E5%9A%B4%E9%87%8D-%E6%9D%8E%E5%85%8B%E5%BC%B7%E5%82%B3%E8%A2%AB%E9%9F%93%E6%AD%A3%E5%8F%96%E4%BB%A3/,
07/2016,周永康 薄熙来 政变,Zhou Yongkang Bo Xilai Coup,People,Gov official,combo,simplified Chinese,Zhou Yongkang and Bo Xilai were allegedly planning a coup against incumbent Chinese President Xi Jinping,http://www.voachinese.com/a/zhouyongkang-case-20141205/2547874.html,
07/2016,江泽民 江家帮,Jiang Zemin Jiang Family Clique,People ,Gov official,combo,simplified Chinese,"Jiang clique, aka the Shanghai clique, is an informal group of officials in the CCP, especially those who serve in the Central Committee or the Central Government of China, who rose to prominence in connection to the Shanghai municipal administration under former CPC General Secretary and President Jiang Zemin.",,
07/2016,软禁 江泽民,House Arrest Jiang Zemin,People,Gov official,combo,simplified Chinese,Name of a politics book about Jiang Zemin published in Hong Kong,http://cwbbooks.com/products.php?product=%E3%80%8A%E8%BB%9F%E7%A6%81%E6%B1%9F%E6%BE%A4%E6%B0%91%E3%80%8B,
07/2016,習近平陣營 江派,Xi Jinping Camp Jiang Clique,People ,Gov official,combo,traditional Chinese,"Reference to two alleged camps within the CCP, one led by current Chinese President Xi Jinping and the other by former President Jiang Zemin",,
07/2016,彭麻麻 暗鬥宋貴妃,Peng Mama Secretly Fight Song Imperial Concubine,Political,Banned book,combo,traditional Chinese,"Reference to a banned political tabloid book published in HK and sold in Causeway Bay Bookstore. ""Peng Mama"" is a nickname for Peng Liyuan, Chinese President Xi Jinping's wife and ""Song Imperial Concubine"" refers to Song Zuying, a Chinese female singer who allegedly had a relationship with former President Jiang Zemin.",,
07/2016,老江 氣殺習大大,Old Jiang More Fierce Than Uncle Xi,Political,Banned book,combo,traditional Chinese,"Reference to a banned political tabloid book published in HK and sold in Causeway Bay Bookstore. ""Old Jiang"" refers to former Chinese President Jiang Zemin and ""Xi Dada"" is a nickname for current President Xi Jinping. There has been an alleged struggle over power between Jiang and Xi.",,
07/2016,韓正 取代李克強,Han Zheng Took Over Li Keqiang,People,Gov official,combo,traditional Chinese,"Reference to the rumor that Chinese President Xi Jinping plans to replace Premier Li Keqiang with Han Zheng, the Communist Party Secretary of Shanghai who is a close ally to Xi",,
07/2016,軟禁 江澤民,House Arrest Jiang Zemin,People,Gov official,combo,traditional Chinese,Name of a politics book about Jiang Zemin published in Hong Kong,,
07/2016,好莱坞艳照门种子,Hollywood Sex Photo Gate Torrent,Social,Prurient interest,phrase,simplified Chinese,Torrent files of the leaked sex photo of Hollywood stars,,http://www.baike.com/wiki/%E5%A5%BD%E8%8E%B1%E5%9D%9E%E8%89%B3%E7%85%A7%E9%97%A8&prd=so_1_pic
07/2016,坚守科巴尼 叙利亚,Hold Fast Kobani Syria,Event	,ISIS Crisis,combo,simplified Chinese,"Reference to Episode 18 and 19 in Season 3 of ""On the Road"", a Chinese travel show; the two episodes were filmed in Syria",http://www.ft.com/cms/s/0/4c3e703e-9fd6-11e5-beba-5e33e2b79e46.html#axzz4B6f6nvVs,
07/2016,六四 中共 武力镇压,June 4 CCP violent crackdown,Event,Tiananmen Square Massacre ,combo,simplified Chinese,Reference to the date of Tiananmen Movement and the fact that the CCP deployed military crackdown on the movement,,
07/2016,六四平反,June 4 Vindication,Event,Tiananmen Square Massacre ,phrase,simplified Chinese,A call for the Chinese government to look into and redress the human rights abuses that arose out of the Tiananmen Square crackdown in 1989,,
07/2016,六四 赵紫阳 镇压,June 4 Zhao Ziyang Crackdown,Event,Tiananmen Square Massacre ,combo,simplified Chinese,"Reference to the Tiananmen Movement on June 4, 1989",,
07/2016,天安门六四,Tiananmen June 4,Event,Tiananmen Square Massacre ,phrase,simplified Chinese,"Reference to the Tiananmen Movement on June 4, 1989",,
07/2016,六四天安门,June 4 Tiananmen,Event,Tiananmen Square Massacre ,phrase,simplified Chinese,"Reference to the Tiananmen Movement on June 4, 1989",,
07/2016,纪念六四,Memorize June 4,Event,Tiananmen Square Massacre ,phrase,simplified Chinese,Reference to annual memorials for the Tiananmen Movement,,
07/2016,八九学潮,Eight Nine Student Strike,Event,Tiananmen Square Massacre ,phrase,simplified Chinese,"A commonly used term to refer to the Tiananmen Movement, especially in Hong Kong",,
07/2016,八九六四,Eight Nine Six Four,Event,Tiananmen Square Massacre ,phrase,simplified Chinese,Reference to the date of the Tiananmen Movement,,
07/2016,八九学运,Eight Nine Student Movement,Event,Tiananmen Square Massacre ,phrase,simplified Chinese,"Reference to the student strikes that led the a full scale Tiananmen protests on June 4, 1989",,
07/2016,八九暴乱,Eight Nine Riot,Event,Tiananmen Square Massacre ,phrase,simplified Chinese,Reference to the riots during the Tiananmen Movement in 1989,,
07/2016,八九民运,Eight Nine Democrative Movement,Event,Tiananmen Square Massacre ,phrase,simplified Chinese,"Reference to the Tiananmen Movement on June 4, 1989",,
07/2016,八九民運,Eight Nine Democrative Movement,Event,Tiananmen Square Massacre ,phrase,traditional Chinese,"Reference to the Tiananmen Movement on June 4, 1989",,
07/2016,八九血案,Eight Nine Blood Case,Event,Tiananmen Square Massacre ,phrase,simplified Chinese,Reference to the June 4 1989 Tiananmen Square Massacre,,
07/2016,六四 公开信,June 4 Open Letter,Event,Tiananmen Square Massacre ,combo,simplified Chinese,"Likely referring to an open letter written and signed by overseas Chinese students demanding the CCP unveil ""the truth of June 4""",http://www.wenxuecity.com/news/2015/05/22/4286058_print.html,
07/2016,六四动乱,June 4 Riot,Event,Tiananmen Square Massacre ,phrase,simplified Chinese,"Reference to the riots during the Tiananmen Movement on June 4, 1989",,
07/2016,六四大屠杀,June 4 Mass Murder,Event,Tiananmen Square Massacre ,phrase,simplified Chinese,Reference to the June 4 1989 Tiananmen Square Massacre,,
07/2016,六四戒严部队,June 4 Martial Law Army,Event,Tiananmen Square Massacre ,phrase,simplified Chinese,Reference to the enactment of martial law during the Tiananmen Movement,,
07/2016,坦克 六四 屠杀,Tank June 4 Murder,Event,Tiananmen Square Massacre ,combo,simplified Chinese,"Troops were went to Beijing via tanks to crack down on the Tiananmen Movement, killing an uncertain amount of people",,
07/2016,六四日记,June 4 Diary,Event,Tiananmen Square Massacre ,phrase,simplified Chinese,"Likely referring to the book ""The Critical Moment - Li Peng Diaries"" published in 2010 which contains entries from a diary believed to be written by the former Chinese Premier, Li Peng, covering the events leading up to and shortly after the Tiananmen Square protests of 1989",https://en.wikipedia.org/wiki/The_Critical_Moment,
07/2016,六四暴乱,June 4 Riot,Event,Tiananmen Square Massacre ,phrase,simplified Chinese,"Reference to the riots during the Tiananmen Movement on June 4, 1989",,
07/2016,六四烛光集会,June 4 Candle Vigil,Event,Tiananmen Square Massacre ,phrase,simplified Chinese,Candles are used in almost every memorial vigil for the Tiananmen Movement,,
07/2016,六四血腥屠杀,June 4 Bloody Murder,Event,Tiananmen Square Massacre ,phrase,simplified Chinese,Reference to the June 4 1989 Tiananmen Square Massacre,,
07/2016,六四风波,June 4 Turmoil,Event,Tiananmen Square Massacre ,phrase,simplified Chinese,"&ldquo;storm"" or ""political storm"" was one of the CPC's official terms to refer to the Tiananmen Movement",,
07/2016,勿忘六四,Don't Forget June 4,Event,Tiananmen Square Massacre ,phrase,simplified Chinese,Likely a referecen to the continuous efforts by concerned activists and civil society groups to memorize the Tiananmen Movement,,
07/2016,六四事件 邓小平,June 4 Incident Deng Xiaoping,Event,Tiananmen Square Massacre ,combo,simplified Chinese,Many pointed at Deng Xiaoping as the one that declared the marticial law and military advance on Beijing city during the Tiananmen Movement,https://en.wikipedia.org/wiki/Deng_Xiaoping#Role_in_the_Tiananmen_Square_protests,
07/2016,吾尔开希,Wu'er Kaixi,Event,Tiananmen Square Massacre ,phrase,simplified Chinese,A Chinese dissident of Uyghur heritage known for his leading role during the Tiananmen protests of 1989,https://en.wikipedia.org/wiki/Wu%27erkaixi,
07/2016,捌玖陆肆,8964,Event,Tiananmen Square Massacre ,phrase,simplified Chinese,"Homonym of 8964, a reference to the Tiananmen Movement",,
07/2016,血腥清场内幕,Bloody Clearance Inside Story,Event,Tiananmen Square Massacre ,phrase,simplified Chinese,Reference to the June 4 1989 Tiananmen Square Massacre,,
07/2016,天安门坦克,Tiananmen Tank,Event,Tiananmen Square Massacre ,phrase,simplified Chinese,Tanks advanced on Tiananmen Square on June 4 1989,,
07/2016,天安门屠杀,Tiananmen Murder,Event,Tiananmen Square Massacre ,phrase,simplified Chinese,Reference to the June 4 1989 Tiananmen Square Massacre,,
07/2016,天安门母亲,Tiananmen Mother,Event,Tiananmen Square Massacre ,phrase,simplified Chinese,"A group of Chinese democracy activists--primarily comprising the parents, friends and relatives of victims of the massacre-- promoting a change in the government's position over the suppression of the Tiananmen Movement",,
07/2016,天安门流血,Tiananmen Bleeding,Event,Tiananmen Square Massacre ,phrase,simplified Chinese,Reference to the June 4 1989 Tiananmen Square Massacre,,
07/2016,天安门自焚,Tiananmen Self-immolation ,Event,Tiananmen Self-Immolation ,phrase,simplified Chinese,"The Tiananmen Square self-immolation incident allegedly took place in Tiananmen Square in Beijing, on the eve of Chinese New Year on 23 January 2001. The incident is disputed: Chinese government says that five members of Falun Gong set themselves on fire in the square while Falun Gong sources disputed and noted that their teachings explicitly forbid violence or suicide.",https://en.wikipedia.org/wiki/Tiananmen_Square_self-immolation_incident,
07/2016,天安门风波,Tiananmen Turmoil,Event,Tiananmen Square Massacre ,phrase,simplified Chinese,"&ldquo;storm"" or ""political storm"" was one of the CPC's official terms to refer to the Tiananmen Movement",,
07/2016,六四 血腥 镇压,June 4 Bloody Crackdown,Event,Tiananmen Square Massacre ,combo,simplified Chinese,Reference to the June 4 1989 Tiananmen Square Massacre,,
07/2016,毋忘六四,Don't Forget June 4,Event,Tiananmen Square Massacre ,phrase,traditional Chinese,Likely a reference to a banner on Kowloon slope in Hong Kong around the 27th anniversary of the Tiananmen Movement,,
07/2016,绝食 声援学生 天安门广场,Hunger Strike Support Student Tiananmen Square,Event,Tiananmen Square Massacre ,combo,simplified Chinese,Students went on hunger strikes during the Tiananmen Movement. Hundreds of thousands of people expressed their support for the students on hunger strikes both in and outside of China.,http://www.cnn.com/2013/09/15/world/asia/tiananmen-square-fast-facts/,
07/2016,天安门学潮,Tiananmen Student Srike,Event,Tiananmen Square Massacre ,phrase,simplified Chinese,Reference to the student strikes in the June 4 1989 Tiananmen Movement,,
07/2016,记念六四,Memorize June 4,Event,Tiananmen Square Massacre ,phrase,simplified Chinese,Likely referring to annual memorials for the Tiananmen Movement,,
07/2016,赵紫阳 六四自辩,Zhao Ziyang June 4 Self-defense,Event,Tiananmen Square Massacre ,combo,simplified Chinese,Likely referring to Zhao Ziyang's self-defense letter published internally within the CCP in June 1989,http://www.64memo.com/b5/1384.htm,
07/2016,八酒六四,Homonym of 8964,Event,Tiananmen Square Massacre ,phrase,simplified Chinese,"A Chinese Internet meme. ""wine"" in Chinese has the same pronunciation as ""nine""",,
07/2016,六四学潮,June 4 Student Strike,Event,Tiananmen Square Massacre ,phrase,simplified Chinese,Reference to the Tiananmen Movement,,
07/2016,89民运 邓小平 镇压,89 Democracy Movement Deng Xiaoping Crackdown,Event,Tiananmen Square Massacre ,phrase,simplified Chinese,Many pointed at Deng Xiaoping as the one that declared the martial law and military advance on Beijing city during the Tiananmen Movement,https://en.wikipedia.org/wiki/Deng_Xiaoping#Role_in_the_Tiananmen_Square_protests,
07/2016,中共 血腥镇压 专制,CCP Bloody Crackdown Dictatorship,Event,Tiananmen Square Massacre ,combo,simplified Chinese,Reference to the June 4 1989 Tiananmen Square Massacre,,
07/2016,平反六四,Vindicate June 4,Event,Tiananmen Square Massacre ,phrase,simplified Chinese,A call for the Chinese government to look into and redress the human rights abuses that arose out of the Tiananmen Square crackdown in 1989,,
07/2016,六四 公開信,June 4 Open Letter,Event,Tiananmen Square Massacre ,combo,traditional Chinese,"Likely referring to an open letter written and signed by overseas Chinese students demanding the CCP unveil ""the truth of June 4""",http://www.wenxuecity.com/news/2015/05/22/4286058_print.html,
07/2016,六四 坦克 屠城,June 4 Tank Mass Murder,Event,Tiananmen Square Massacre ,combo,simplified Chinese,"Troops were went to Beijing via tanks to crack down on the Tiananmen Movement, killing an uncertain amount of people",,
07/2016,六四日記,June 4 Diary,Event,Tiananmen Square Massacre ,phrase,traditional Chinese,"Likely referring to the book ""The Critical Moment - Li Peng Diaries"" published in 2010 which contains entries from a diary believed to be written by the former Chinese Premier, Li Peng, covering the events leading up to and shortly after the Tiananmen Square protests of 1989",https://en.wikipedia.org/wiki/The_Critical_Moment,
07/2016,六四 悼念 烛光晚会,June 4 Memory Candle Vigil,Event,Tiananmen Square Massacre ,combo,simplified Chinese,Candlelights are used in almost every memorial for the Tiananmen Movement,,
07/2016,六四纪念馆,June 4th Memorial,Event,Tiananmen Square Massacre ,phrase,simplified Chinese,Reference to the world's first memorial museum for the Tiananmen Square protests of 1989 located in Tsim Sha Tsui Hong Kong,,
07/2016,六四 刘晓波,June 4 Liu Xiaobo,Event,Tiananmen Square Massacre ,combo,simplified Chinese,Liu Xiaobo is a Chinese activist who called for political reforms and the end of communist single-party rule; Liu participated in the 1989 Tiananmen Square protests,,
07/2016,天安门屠夫,Tiananmen Murderer,Event,Tiananmen Square Massacre ,phrase,simplified Chinese,"Likely referring to Li Peng and/or Deng Xiaoping, who are widely known to be responsible for issuing the martial law on Tiananmen Square during the June 4 Movement",,
07/2016,镇压学生 戒严部队 天安门广场,Crackdown Student Martial Law Troup Tiananmen Square ,Event,Tiananmen Square Massacre ,combo,simplified Chinese,Reference to the martial law enforced on Tiananmen Square,,
07/2016,六四 方励之,June 4 Fang Lizhi,Event,Tiananmen Square Massacre ,combo,simplified Chinese,"Fang Lizhi is a Chinese astrophysicist and activist whose liberal ideas inspired the pro-democracy student movement of 1986–87 and, finally, the Tiananmen Square protests of 1989. Because of his activism, he was expelled from the CCP in January 1987.",https://en.wikipedia.org/wiki/Fang_Lizhi,
07/2016,六四 屠杀 赵紫阳,June 4 Murder Zhao Ziyang,Event,Tiananmen Square Massacre ,combo,simplified Chinese,Zhao Ziyang was the Party General Secretary in 1989 and treated the protesters sympathetically.,,
07/2016,六四 纪念 王丹,June 4 Memorize Wang Dan,Event,Tiananmen Square Massacre ,combo,simplified Chinese,"Wang Dan is a leader of the Chinese democracy movement, was one of the most visible of the student leaders in the Tiananmen Square protests of 1989",https://en.wikipedia.org/wiki/Wang_Dan,
07/2016,江绵恒 软禁,Jiang Mianheng House Arrest,People,Gov official,phrase,simplified Chinese,Jiang Mianheng is the eldest former Chinese President Jiang Zemin's eldest son. He is allegedly under house arrest by the CCP on corruption charges.,http://www.epochtimes.com/gb/16/6/8/n7975695.htm,
07/2016,六四 中共 专制,June 4 CCP Dictatorship,Event,Tiananmen Square Massacre ,combo,simplified Chinese,Reference to the role of CCP during the June 4 Movement.,,
07/2016,许家屯 六四,Xu Jiatun June 4,Event,Tiananmen Square Massacre ,combo,simplified Chinese,A Chinese politician and dissident. He was the Chinese Communist Party secretary of Jiangsu Province from 1977 to 1983 and the Governor of Jiangsu from 1977 to 1979.,https://en.wikipedia.org/wiki/Xu_Jiatun,
07/2016,六四镇压 中共,June 4 Crackdown CCP,Event,Tiananmen Square Massacre ,combo,simplified Chinese,Reference to the June 4 1989 Tiananmen Square Massacre,,
07/2016,六四 赵紫阳 坦克,June 4 Zhao Ziyang Tank,Event,Tiananmen Square Massacre ,combo,simplified Chinese,Zhao Ziyang was the Party General Secretary in 1989 and treated the protesters sympathetically.,,
07/2016,坦克 王维林 六四,Tank Wang Weilin June 4,Event,Tiananmen Square Massacre ,combo,simplified Chinese,"Wang Weilin is believed to be the ""tank man"" in the iconic photograph from June 4 1989. His whereabouts are unknown.",,
07/2016,天安门 太子党 事件,Tiananmen Princling Event,Event,Tiananmen Square Massacre ,combo,simplified Chinese,"Likely referring to the rise of princelings after the 1989 Tiananmen Square uprising, in which Deng Xiaoping molded Hu Jintao, member of the princelings, as Jiang Zemin's successor",http://cn.nytimes.com/china/20121114/c14princeling/en-us/,
07/2016,六四 学潮 民运,June 4 Student Strike Democracy Movement,Event,Tiananmen Square Massacre ,combo,simplified Chinese,All three words are common references to the Tiananmen Movement,,
07/2016,开枪 示威 1989年 天安门,Shoot Gun Demonstration Year 1989 Tiananmen,Event,Tiananmen Square Massacre ,combo,simplified Chinese,Reference to the demonstrations and shootings on June 4 1989 Tiananmen Square,,
07/2016,动乱 学潮 1989风波,Riot Student Strike 1989 Turmoil,Event,Tiananmen Square Massacre ,combo,simplified Chinese,Reference to the June 4 1989 Tiananmen Square Movement,,
07/2016,真相 共产党 64屠杀,Truth Communist Party 64 Massacre,Event,Tiananmen Square Massacre ,combo,simplified Chinese,Reference to the June 4 1989 Tiananmen Square Massacre,,
07/2016,六四 天安门广场,June 4 Tiananmen Square,Event,Tiananmen Square Massacre ,combo,simplified Chinese,Date and location of the Tiananmen Movement,,
07/2016,天安门虐杀,Tiananmen Torture and Murder,Event,Tiananmen Square Massacre ,phrase,simplified Chinese,Victoria Park in Hong Kong is where the Hong Kong Alliance holds memorials for the Tiananmen Movement,,
07/2016,六四纪念 维园,June 4 Memorial Victorial Park,Event,Tiananmen Square Massacre ,phrase,simplified Chinese,Reference to the June 4 1989 Tiananmen Square Massacre,,
07/2016,历史的伤口 8964,Wounds of History 8964,Event,Tiananmen Square Massacre ,combo,simplified Chinese,"""Wounds of History"" is the name of a song expressing support for students and democracy wrote during the Tiananmen Movement",https://www.youtube.com/watch?v=SuSheGQfmpQ,
07/2016,六四 坦克人 学生,June 4 Tank Man Student,Event,Tiananmen Square Massacre ,combo,simplified Chinese,Reference to the protestor standing in front of a tank during the Tiananmen Movement.,,
07/2016,天安门大屠杀,Tiananmen Massacre,Event,Tiananmen Square Massacre ,phrase,simplified Chinese,Reference to the June 4 1989 Tiananmen Square Massacre,,
07/2016,六四 赵紫阳 软禁,June 4 Zhao Ziyang House Arrest,Event,Tiananmen Square Massacre ,combo,simplified Chinese,"In the aftermath of the June 4 1989 Tiananmen Square uprising, Zhao Ziyang, who was sympathetic towards student demonstrators, was purged politically and effectively placed under house arrest till his death in 2005.",,
07/2016,六四 血案 邓小平,June 4 Blood Case Deng Xiaoping,Event,Tiananmen Square Massacre ,combo,simplified Chinese,Many pointed at Deng Xiaoping as the one that declared the martial law and military advance on Beijing city during the Tiananmen Movement,https://en.wikipedia.org/wiki/Deng_Xiaoping#Role_in_the_Tiananmen_Square_protests,
07/2016,李鹏 绝食的学生 天安门广场,Li Peng Student on Hunger Strike Tiananmen Square,Event,Tiananmen Square Massacre ,combo,simplified Chinese,"Likely referring to Li Peng's role in the June 4 1989 Tiananmen Movement, who is widely known to be tough on student protesters on hunger strike",,
07/2016,悼念 维园 六四,Memorial Victoria Park June 4,Event,Tiananmen Square Massacre ,combo,simplified Chinese,Victoria Park in Hong Kong is where the Hong Kong Alliance holds memorials for the Tiananmen Movement,,
07/2016,六四 學生 民主運動,June 4 Student Democracy Movement,Event,Tiananmen Square Massacre ,combo,traditional Chinese,Reference to the June 4 1989 Tiananmen Movement,,
07/2016,六四大屠殺,June 4 Massacre,Event,Tiananmen Square Massacre ,phrase,traditional Chinese,Reference to the June 4 1989 Tiananmen Square Massacre,,
07/2016,六四事件 鄧小平,June 4 Event Deng Xiaoping,Event,Tiananmen Square Massacre ,combo,traditional Chinese,Many pointed at Deng Xiaoping as the one that declared the martial law and military advance on Beijing city during the Tiananmen Movement,https://en.wikipedia.org/wiki/Deng_Xiaoping#Role_in_the_Tiananmen_Square_protests,
07/2016,六四 血腥 鎮壓,June 4 Bloody Crackdown,Event,Tiananmen Square Massacre ,combo,traditional Chinese,Reference to the military crackdown on the Tiananmen Movement,,
07/2016,六四紀念館,June 4 Museum,Event,Tiananmen Square Massacre ,phrase,traditional Chinese,Reference to the world's first memorial museum for the Tiananmen Square protests of 1989 located in Tsim Sha Tsui Hong Kong,,
07/2016,六四 劉曉波,June 4 Liu Xiaobo,Event,Tiananmen Square Massacre ,combo,traditional Chinese,Liu Xiaobo is a Chinese activist who called for political reforms and the end of communist single-party rule; Liu participated in the 1989 Tiananmen Square protests,,
07/2016,鎮壓學生 戒嚴部隊 天安門廣場,Crackdown Student Martial Law Troup Tiananmen Square ,Event,Tiananmen Square Massacre ,combo,traditional Chinese,Reference to the martial law enforced on Tiananmen Square,,
07/2016,六四 屠殺 趙紫陽,June 4 Murder Zhao Ziyang,Event,Tiananmen Square Massacre ,combo,traditional Chinese,Zhao Ziyang was the Party General Secretary in 1989 and treated the protesters sympathetically.,,
07/2016,六四紀念 維園,June 4 Memorial Victoria Park,Event,Tiananmen Square Massacre ,combo,traditional Chinese,Victoria Park in Hong Kong is where the Hong Kong Alliance holds memorials for the Tiananmen Movement,,
07/2016,天安门事件,Tiananmen Incident,Event,Tiananmen Square Massacre ,combo,simplified Chinese,Reference to the June 4 1989 Tiananmen Square Movement,,
07/2016,89年 北京戒严,89 Year Beijing Martial Law,Event,Tiananmen Square Massacre ,combo,simplified Chinese,Reference to the enactment of martial law during the Tiananmen Movement,,
07/2016,1989 屠杀 天安门广场,1989 Murder Tiananmen Square,Event,Tiananmen Square Massacre ,combo,simplified Chinese,Reference to the June 4 1989 Tiananmen Square Massacre,,
07/2016,1989 民主运动,1989 Democarcy Movement,Event,Tiananmen Square Massacre ,combo,simplified Chinese,Reference to the June 4 1989 Tiananmen Square Movement,,
07/2016,六四学生领袖,June 4 Student Leader,Event,Tiananmen Square Massacre ,phrase,simplified Chinese,Students were the major initiators and leaders of the June 4 Tiananmen Movement,,
07/2016,平反64,Vindicate June 4,Event,Tiananmen Square Massacre ,phrase,simplified Chinese,A call for the Chinese government to investigate and redress human rights abuses during the June 4 1989 crackdown.,,
07/2016,血腥 天安门,Bloody Tiananmen,Event,Tiananmen Square Massacre ,combo,simplified Chinese,Reference to the June 4 1989 Tiananmen Square Massacre,,
07/2016,8964 屠杀 纪念,8964 Murder Memorial,Event,Tiananmen Square Massacre ,combo,simplified Chinese,Reference to memorials of the June 4 1989 Tiananmen Square Massacre,,
07/2016,六四 镇压 学生,June 4 Crackdown Student,Event,Tiananmen Square Massacre ,combo,simplified Chinese,Reference to the military crackdown on the Tiananmen Movement,,
07/2016,天安门镇压,Tiananmen Crackdown,Event,Tiananmen Square Massacre ,phrase,simplified Chinese,Reference to the military crackdown on the Tiananmen Movement,,
07/2016,89年 学潮 镇压,89 Year Student Strike Crackdown,Event,Tiananmen Square Massacre ,combo,simplified Chinese,Reference to the military crackdown on the Tiananmen Movement,,
07/2016,六四 学生 民主运动,June 4 Student Democracy Movement,Event,Tiananmen Square Massacre ,combo,simplified Chinese,Reference to the June 4 1989 Tiananmen Square Movement,,
07/2016,自由西藏,Free Tibet,Political,Tibet,phrase,simplified Chinese,Reference to the movement for the independence of Tibet and the political separation of Tibet from China,https://en.wikipedia.org/wiki/Free_Tibet,
07/2016,藏青会,Tibetan Youth Congress,Political,Tibet,phrase,simplified Chinese,Reference to an international non-governmental organization that advocates the independence of Tibet from China,https://en.wikipedia.org/wiki/Tibetan_Youth_Congress,
07/2016,西藏独立,Tibet Independence (Movement),Political,Tibet,phrase,simplified Chinese,Reference to the movement for the independence of Tibet and the political separation of Tibet from China,https://en.wikipedia.org/wiki/Tibetan_independence_movement,
07/2016,雪山狮子旗,Snow Lion Flag,Political,Tibet,phrase,simplified Chinese,"Reference to the Tibetan flag, a symbol of the Tibetan independence movement",,
07/2016,自由亞洲電台,Radio Free Asia,Political,Media ,phrase,traditional Chinese,Nonprofit international broadcasting agency of the US government that targets audiences in East Asia,https://zh.wikipedia.org/wiki/%E8%87%AA%E7%94%B1%E4%BA%9A%E6%B4%B2%E7%94%B5%E5%8F%B0,
07/2016,wisalstudio com,wisalstudio com,Political,Uyghur,combo,English,"URL leads to a website called ""Wisal Studio"" that publishes videos and articles about Uyghurs and Muslims. The website is in both Chinese and Uyghur.",http://www.wisalstudio.net/cn/index.php,
07/2016,allah yolida,For the sake of Allah/God,Political,Uyghur,combo,Uyghur ,,https://archive.org/details/Allah-Yolida-Jiahad-Teyyarliki-Kilix-Toghrisida,
07/2016,دىن ئىسلام يولۋاس,Faith/Religion is Islam,Political,Uyghur,phrase,Uyghur,,,
07/2016,ئىسلام ئاۋازى,Voice of Islam,Political,Uyghur,phrase,Uyghur,,,
07/2016,ئاللاھ يولىدا,For the sake of Allah/God,Political,Uyghur,phrase,Uyghur,,,
07/2016,جەننەت ئاشىق,In love with/enthusiastic for Heaven/Jannah,Political,Uyghur,phrase,Uyghur,,,
07/2016,بولۇ شەھىد,Become martyr,Political,Uyghur,phrase,Uyghur,,https://jamestown.org/program/uyghur-militants-in-syria-the-turkish-connection/,
2016-08-30,15日实行x全市大罢工x灌云x连云港,15 day carry out City-wide strike Guanyun Lianyungang,Event,Lianyungang Protest,combo,simplified Chinese,Reference to protest in Lianyungang in China&rsquo;s north eastern Jiangsu province over rumors that the city is a planned site of a nuclear power plant developed by France and China.,https://chinadigitaltimes.net/chinese/2016/09/%E5%B7%B4%E4%B8%A2%E8%8D%89-%E9%80%9A%E5%95%86%E5%AE%BD%E8%A1%A3/,
2016-09-06,通商宽衣,Facilitate Commerce and Loosen Clothing,Event,G20,phrase ,simplified Chinese,"Reference to a gaffe President Xi Jingping made during his speech at the 2016 G20 Summit in Hangzhou, China.",,
2016-11-25,习核心,Xi Core,People ,Gov official,phrase,simplified Chinese,"At the Sixth Plenum of the 18th Communist Party of China Congress was held in Beijing. During this party meeting, Chinese President Xi Jinping received a status lift when the Communist Party gave him the title of &ldquo;core&rdquo; leader",http://www.nytimes.com/2016/10/28/world/asia/xi-jinping-china.html?_r=0,